n,p,th,u,e,Tp,Sp=T1/Tp,eff=Sp/p,T1
16,1,2,6.135241E-02,1.019947E+00,7.280000E-04,1.402473E+00,1.402473E+00,1.021000E-03
16,1,3,6.135241E-02,1.019947E+00,1.156000E-03,8.832180E-01,8.832180E-01,1.021000E-03
16,1,4,6.096363E-02,1.019947E+00,1.004000E-03,1.016932E+00,1.016932E+00,1.021000E-03
16,1,6,6.096363E-02,1.038974E+00,1.028000E-03,9.931907E-01,9.931907E-01,1.021000E-03
16,1,8,6.096363E-02,1.019947E+00,9.770000E-04,1.045036E+00,1.045036E+00,1.021000E-03
16,1,12,6.135241E-02,1.038974E+00,1.422000E-03,7.180028E-01,7.180028E-01,1.021000E-03
16,1,16,6.135241E-02,1.019947E+00,1.517000E-03,6.730389E-01,6.730389E-01,1.021000E-03
16,1,18,6.057981E-02,1.038974E+00,1.564000E-03,6.528133E-01,6.528133E-01,1.021000E-03
16,1,36,6.135241E-02,1.018340E+00,2.392000E-03,4.268395E-01,4.268395E-01,1.021000E-03
16,2,1,6.135241E-02,1.038974E+00,6.900000E-04,1.479710E+00,7.398551E-01,1.021000E-03
16,2,2,6.096363E-02,1.038974E+00,6.060000E-04,1.684818E+00,8.424092E-01,1.021000E-03
16,2,3,6.096363E-02,1.019947E+00,1.332000E-03,7.665165E-01,3.832583E-01,1.021000E-03
16,2,4,6.135241E-02,1.038974E+00,4.920000E-04,2.075203E+00,1.037602E+00,1.021000E-03
16,2,6,6.096363E-02,1.038974E+00,1.431200E-02,7.133874E-02,3.566937E-02,1.021000E-03
16,2,8,5.981858E-02,9.620297E-01,1.972400E-02,5.176435E-02,2.588217E-02,1.021000E-03
16,2,12,6.096363E-02,1.038974E+00,1.164000E-03,8.771478E-01,4.385739E-01,1.021000E-03
16,2,16,6.135241E-02,1.038974E+00,1.295000E-03,7.884170E-01,3.942085E-01,1.021000E-03
16,2,18,6.135241E-02,1.038974E+00,1.427000E-03,7.154870E-01,3.577435E-01,1.021000E-03
16,2,36,6.135241E-02,1.038974E+00,2.513000E-03,4.062873E-01,2.031437E-01,1.021000E-03
16,3,1,6.135241E-02,1.038974E+00,5.340000E-04,1.911985E+00,6.373283E-01,1.021000E-03
16,3,2,6.135241E-02,1.038974E+00,4.720000E-04,2.163136E+00,7.210452E-01,1.021000E-03
16,3,3,6.096363E-02,1.038974E+00,8.850000E-04,1.153672E+00,3.845574E-01,1.021000E-03
16,3,4,6.096363E-02,1.018340E+00,6.910000E-04,1.477569E+00,4.925229E-01,1.021000E-03
16,3,6,6.135241E-02,9.713771E-01,5.328000E-02,1.916291E-02,6.387638E-03,1.021000E-03
16,3,8,6.057981E-02,1.019947E+00,3.082000E-02,3.312784E-02,1.104261E-02,1.021000E-03
16,3,12,6.096363E-02,1.038974E+00,1.049000E-03,9.733079E-01,3.244360E-01,1.021000E-03
16,3,16,6.135241E-02,1.038974E+00,1.329000E-03,7.682468E-01,2.560823E-01,1.021000E-03
16,3,18,6.135241E-02,1.038974E+00,1.413000E-03,7.225761E-01,2.408587E-01,1.021000E-03
16,3,36,6.096363E-02,1.038974E+00,2.566000E-03,3.978956E-01,1.326319E-01,1.021000E-03
16,4,1,6.135241E-02,1.038974E+00,5.570000E-04,1.833034E+00,4.582585E-01,1.021000E-03
16,4,2,6.135241E-02,1.038974E+00,5.450000E-04,1.873394E+00,4.683486E-01,1.021000E-03
16,4,3,6.135241E-02,1.038974E+00,1.006000E-03,1.014911E+00,2.537276E-01,1.021000E-03
16,4,4,6.135241E-02,1.038974E+00,1.292000E-03,7.902477E-01,1.975619E-01,1.021000E-03
16,4,6,6.096363E-02,1.019947E+00,4.070500E-02,2.508291E-02,6.270728E-03,1.021000E-03
16,4,8,6.096363E-02,9.713771E-01,4.456900E-02,2.290830E-02,5.727075E-03,1.021000E-03
16,4,12,6.135241E-02,1.038974E+00,1.107400E-02,9.219794E-02,2.304949E-02,1.021000E-03
16,4,16,6.135241E-02,1.038974E+00,1.405000E-03,7.266904E-01,1.816726E-01,1.021000E-03
16,4,18,6.135241E-02,1.038974E+00,1.477000E-03,6.912661E-01,1.728165E-01,1.021000E-03
16,4,36,6.135241E-02,1.038974E+00,2.569000E-03,3.974309E-01,9.935773E-02,1.021000E-03
16,6,1,6.135241E-02,1.038974E+00,4.330000E-04,2.357968E+00,3.929946E-01,1.021000E-03
16,6,2,6.135241E-02,1.019947E+00,6.630000E-04,1.539970E+00,2.566616E-01,1.021000E-03
16,6,3,6.135241E-02,1.038974E+00,6.973000E-03,1.464219E-01,2.440365E-02,1.021000E-03
16,6,4,6.135241E-02,1.038974E+00,1.667200E-02,6.124040E-02,1.020673E-02,1.021000E-03
16,6,6,6.135241E-02,1.038974E+00,6.460900E-02,1.580275E-02,2.633792E-03,1.021000E-03
16,6,8,6.135241E-02,1.038974E+00,1.135300E-01,8.993218E-03,1.498870E-03,1.021000E-03
16,6,12,6.135241E-02,1.038974E+00,1.388900E-02,7.351141E-02,1.225190E-02,1.021000E-03
16,6,16,6.135241E-02,1.038974E+00,2.175000E-03,4.694253E-01,7.823755E-02,1.021000E-03
16,6,18,6.135241E-02,1.038974E+00,2.472000E-03,4.130259E-01,6.883765E-02,1.021000E-03
16,6,36,6.135241E-02,1.038974E+00,1.947500E-02,5.242619E-02,8.737698E-03,1.021000E-03
16,8,1,6.135241E-02,1.038974E+00,3.640000E-04,2.804945E+00,3.506181E-01,1.021000E-03
16,8,2,6.135241E-02,1.038974E+00,1.810800E-02,5.638392E-02,7.047990E-03,1.021000E-03
16,8,3,6.135241E-02,1.038974E+00,1.444600E-02,7.067700E-02,8.834626E-03,1.021000E-03
16,8,4,6.096363E-02,1.038974E+00,4.298800E-02,2.375081E-02,2.968852E-03,1.021000E-03
16,8,6,6.096363E-02,1.038974E+00,1.017530E-01,1.003410E-02,1.254263E-03,1.021000E-03
16,8,8,6.135241E-02,1.038974E+00,1.441690E-01,7.081966E-03,8.852458E-04,1.021000E-03
16,8,12,6.135241E-02,1.038974E+00,1.120500E-02,9.112004E-02,1.139000E-02,1.021000E-03
16,8,16,6.135241E-02,1.038974E+00,3.927100E-02,2.599883E-02,3.249854E-03,1.021000E-03
16,8,18,6.135241E-02,1.038974E+00,1.843600E-02,5.538078E-02,6.922597E-03,1.021000E-03
16,8,36,6.135241E-02,1.038974E+00,4.897100E-02,2.084907E-02,2.606134E-03,1.021000E-03
16,12,1,6.135241E-02,1.038974E+00,4.100000E-04,2.490244E+00,2.075203E-01,1.021000E-03
16,12,2,6.135241E-02,1.038974E+00,1.133400E-02,9.008294E-02,7.506911E-03,1.021000E-03
16,12,3,6.135241E-02,1.038974E+00,7.205200E-02,1.417032E-02,1.180860E-03,1.021000E-03
16,12,4,6.135241E-02,1.038974E+00,8.535200E-02,1.196223E-02,9.968523E-04,1.021000E-03
16,12,6,6.135241E-02,1.038974E+00,1.630650E-01,6.261307E-03,5.217756E-04,1.021000E-03
16,12,8,6.135241E-02,1.038974E+00,2.150130E-01,4.748550E-03,3.957125E-04,1.021000E-03
16,12,12,6.135241E-02,1.038974E+00,4.175600E-02,2.445158E-02,2.037631E-03,1.021000E-03
16,12,16,6.135241E-02,1.038974E+00,3.056900E-02,3.339985E-02,2.783321E-03,1.021000E-03
16,12,18,6.135241E-02,1.038974E+00,5.087200E-02,2.006998E-02,1.672498E-03,1.021000E-03
16,12,36,6.135241E-02,1.038974E+00,7.181000E-02,1.421808E-02,1.184840E-03,1.021000E-03
16,16,1,6.135241E-02,1.038974E+00,4.100000E-04,2.490244E+00,1.556402E-01,1.021000E-03
16,16,2,6.135241E-02,1.038974E+00,2.921000E-02,3.495378E-02,2.184611E-03,1.021000E-03
16,16,3,6.135241E-02,1.038974E+00,8.756400E-02,1.166004E-02,7.287527E-04,1.021000E-03
16,16,4,6.135241E-02,1.038974E+00,1.316820E-01,7.753527E-03,4.845955E-04,1.021000E-03
16,16,6,6.135241E-02,1.038974E+00,2.742030E-01,3.723519E-03,2.327199E-04,1.021000E-03
16,16,8,6.135241E-02,1.038974E+00,3.021340E-01,3.379295E-03,2.112060E-04,1.021000E-03
16,16,12,6.135241E-02,1.038974E+00,7.446900E-02,1.371040E-02,8.569002E-04,1.021000E-03
16,16,16,6.135241E-02,1.038974E+00,5.125700E-02,1.991923E-02,1.244952E-03,1.021000E-03
16,16,18,6.135241E-02,1.038974E+00,1.218390E-01,8.379911E-03,5.237444E-04,1.021000E-03
16,16,36,6.135241E-02,1.038974E+00,1.010970E-01,1.009921E-02,6.312007E-04,1.021000E-03
16,18,1,6.135241E-02,1.038974E+00,5.030000E-04,2.029821E+00,1.127678E-01,1.021000E-03
16,18,2,6.135241E-02,1.038974E+00,8.592000E-02,1.188315E-02,6.601748E-04,1.021000E-03
16,18,3,6.135241E-02,1.038974E+00,1.079180E-01,9.460887E-03,5.256048E-04,1.021000E-03
16,18,4,6.135241E-02,1.038974E+00,1.824920E-01,5.594766E-03,3.108203E-04,1.021000E-03
16,18,6,6.135241E-02,1.038974E+00,2.519380E-01,4.052584E-03,2.251436E-04,1.021000E-03
16,18,8,6.135241E-02,1.038974E+00,3.434930E-01,2.972404E-03,1.651336E-04,1.021000E-03
16,18,12,6.135241E-02,1.038974E+00,4.199600E-02,2.431184E-02,1.350658E-03,1.021000E-03
16,18,16,6.135241E-02,1.038974E+00,1.438000E-01,7.100139E-03,3.944522E-04,1.021000E-03
16,18,18,6.135241E-02,1.038974E+00,1.192030E-01,8.565221E-03,4.758456E-04,1.021000E-03
16,18,36,6.135241E-02,1.038974E+00,7.683700E-02,1.328787E-02,7.382150E-04,1.021000E-03
16,36,1,6.135241E-02,1.038974E+00,1.879900E-01,5.431140E-03,1.508650E-04,1.021000E-03
16,36,2,6.135241E-02,1.038974E+00,1.922000E-01,5.312175E-03,1.475604E-04,1.021000E-03
16,36,3,6.135241E-02,1.038974E+00,3.350520E-01,3.047288E-03,8.464689E-05,1.021000E-03
16,36,4,6.135241E-02,1.038974E+00,4.549960E-01,2.243976E-03,6.233266E-05,1.021000E-03
16,36,6,6.135241E-02,1.038974E+00,7.229880E-01,1.412195E-03,3.922764E-05,1.021000E-03
16,36,8,6.135241E-02,1.038974E+00,9.492400E-01,1.075597E-03,2.987770E-05,1.021000E-03
16,36,12,6.135241E-02,1.038974E+00,1.328161E+00,7.687321E-04,2.135367E-05,1.021000E-03
16,36,16,6.135241E-02,1.038974E+00,1.902806E+00,5.365760E-04,1.490489E-05,1.021000E-03
16,36,18,6.135241E-02,1.038974E+00,2.032711E+00,5.022849E-04,1.395236E-05,1.021000E-03
16,36,36,6.135241E-02,1.038974E+00,2.280330E-01,4.477422E-03,1.243728E-04,1.021000E-03
32,1,2,6.221244E-02,1.043379E+00,2.659000E-03,1.538172E+00,1.538172E+00,4.090000E-03
32,1,3,6.221244E-02,1.038618E+00,2.681000E-03,1.525550E+00,1.525550E+00,4.090000E-03
32,1,4,6.221244E-02,1.038618E+00,2.344000E-03,1.744881E+00,1.744881E+00,4.090000E-03
32,1,6,6.211444E-02,1.043379E+00,1.832000E-03,2.232533E+00,2.232533E+00,4.090000E-03
32,1,8,6.221244E-02,1.014873E+00,1.618000E-03,2.527812E+00,2.527812E+00,4.090000E-03
32,1,12,6.211444E-02,1.043379E+00,2.243000E-03,1.823451E+00,1.823451E+00,4.090000E-03
32,1,16,6.211444E-02,1.043379E+00,2.148000E-03,1.904097E+00,1.904097E+00,4.090000E-03
32,1,18,6.182407E-02,1.038172E+00,2.249000E-03,1.818586E+00,1.818586E+00,4.090000E-03
32,1,36,6.211444E-02,1.038172E+00,3.066000E-03,1.333986E+00,1.333986E+00,4.090000E-03
32,2,1,6.221244E-02,1.043379E+00,2.518000E-03,1.624305E+00,8.121525E-01,4.090000E-03
32,2,2,6.221244E-02,1.043379E+00,2.042000E-03,2.002938E+00,1.001469E+00,4.090000E-03
32,2,3,6.221244E-02,1.038618E+00,1.508000E-03,2.712202E+00,1.356101E+00,4.090000E-03
32,2,4,6.221244E-02,1.038172E+00,1.132000E-03,3.613074E+00,1.806537E+00,4.090000E-03
32,2,6,6.201675E-02,1.043379E+00,1.393800E-02,2.934424E-01,1.467212E-01,4.090000E-03
32,2,8,6.211444E-02,9.997072E-01,3.766000E-02,1.086033E-01,5.430165E-02,4.090000E-03
32,2,12,6.221244E-02,1.043379E+00,1.685000E-03,2.427300E+00,1.213650E+00,4.090000E-03
32,2,16,6.221244E-02,1.038172E+00,1.886000E-03,2.168611E+00,1.084305E+00,4.090000E-03
32,2,18,6.211444E-02,1.043379E+00,2.109000E-02,1.939308E-01,9.696539E-02,4.090000E-03
32,2,36,6.221244E-02,1.038618E+00,1.160200E-02,3.525254E-01,1.762627E-01,4.090000E-03
32,3,1,6.221244E-02,1.043379E+00,1.905000E-03,2.146982E+00,7.156605E-01,4.090000E-03
32,3,2,6.221244E-02,1.043379E+00,2.264000E-03,1.806537E+00,6.021790E-01,4.090000E-03
32,3,3,6.221244E-02,1.038172E+00,1.764000E-03,2.318594E+00,7.728647E-01,4.090000E-03
32,3,4,6.221244E-02,1.038618E+00,9.330000E-04,4.383708E+00,1.461236E+00,4.090000E-03
32,3,6,6.221244E-02,1.043379E+00,1.257600E-02,3.252226E-01,1.084075E-01,4.090000E-03
32,3,8,6.172702E-02,1.038618E+00,2.720000E-02,1.503676E-01,5.012255E-02,4.090000E-03
32,3,12,6.221244E-02,1.028262E+00,1.529000E-03,2.674951E+00,8.916503E-01,4.090000E-03
32,3,16,6.221244E-02,1.038618E+00,1.795000E-03,2.278552E+00,7.595172E-01,4.090000E-03
32,3,18,6.211444E-02,1.038618E+00,1.873000E-03,2.183663E+00,7.278875E-01,4.090000E-03
32,3,36,6.211444E-02,1.038618E+00,2.780000E-03,1.471223E+00,4.904077E-01,4.090000E-03
32,4,1,6.221244E-02,1.043379E+00,1.462000E-03,2.797538E+00,6.993844E-01,4.090000E-03
32,4,2,6.221244E-02,1.043379E+00,1.734000E-03,2.358708E+00,5.896770E-01,4.090000E-03
32,4,3,6.221244E-02,1.043379E+00,4.694000E-03,8.713251E-01,2.178313E-01,4.090000E-03
32,4,4,6.201675E-02,1.038618E+00,1.193000E-03,3.428332E+00,8.570830E-01,4.090000E-03
32,4,6,6.201675E-02,1.043379E+00,5.144500E-02,7.950238E-02,1.987560E-02,4.090000E-03
32,4,8,6.221244E-02,1.038172E+00,4.338200E-02,9.427873E-02,2.356968E-02,4.090000E-03
32,4,12,6.221244E-02,1.038618E+00,1.565000E-03,2.613419E+00,6.533546E-01,4.090000E-03
32,4,16,6.221244E-02,1.043379E+00,1.777000E-03,2.301632E+00,5.754080E-01,4.090000E-03
32,4,18,6.211444E-02,1.043379E+00,1.952000E-03,2.095287E+00,5.238217E-01,4.090000E-03
32,4,36,6.211444E-02,1.038618E+00,3.061000E-03,1.336165E+00,3.340412E-01,4.090000E-03
32,6,1,6.221244E-02,1.043379E+00,9.330000E-04,4.383708E+00,7.306181E-01,4.090000E-03
32,6,2,6.211444E-02,1.043379E+00,4.457000E-03,9.176576E-01,1.529429E-01,4.090000E-03
32,6,3,6.211444E-02,1.043379E+00,7.675000E-03,5.328990E-01,8.881650E-02,4.090000E-03
32,6,4,6.211444E-02,1.043379E+00,1.628400E-02,2.511668E-01,4.186113E-02,4.090000E-03
32,6,6,6.201675E-02,1.038618E+00,6.291800E-02,6.500524E-02,1.083421E-02,4.090000E-03
32,6,8,6.211444E-02,1.028262E+00,9.073500E-02,4.507632E-02,7.512720E-03,4.090000E-03
32,6,12,6.221244E-02,1.043379E+00,1.099800E-02,3.718858E-01,6.198097E-02,4.090000E-03
32,6,16,6.221244E-02,1.043379E+00,1.904000E-03,2.148109E+00,3.580182E-01,4.090000E-03
32,6,18,6.221244E-02,1.043379E+00,1.106400E-02,3.696674E-01,6.161123E-02,4.090000E-03
32,6,36,6.221244E-02,1.043379E+00,3.448000E-03,1.186195E+00,1.976991E-01,4.090000E-03
32,8,1,6.221244E-02,1.043379E+00,7.960000E-04,5.138191E+00,6.422739E-01,4.090000E-03
32,8,2,6.221244E-02,1.038618E+00,1.178400E-02,3.470808E-01,4.338510E-02,4.090000E-03
32,8,3,6.221244E-02,1.043379E+00,2.113700E-02,1.934996E-01,2.418744E-02,4.090000E-03
32,8,4,6.221244E-02,1.043379E+00,3.955300E-02,1.034056E-01,1.292569E-02,4.090000E-03
32,8,6,6.211444E-02,1.038618E+00,9.984000E-02,4.096554E-02,5.120693E-03,4.090000E-03
32,8,8,6.221244E-02,1.038172E+00,1.717290E-01,2.381659E-02,2.977074E-03,4.090000E-03
32,8,12,6.221244E-02,1.043379E+00,1.540800E-02,2.654465E-01,3.318082E-02,4.090000E-03
32,8,16,6.221244E-02,1.038618E+00,2.695100E-02,1.517569E-01,1.896961E-02,4.090000E-03
32,8,18,6.221244E-02,1.043379E+00,2.103800E-02,1.944101E-01,2.430126E-02,4.090000E-03
32,8,36,6.221244E-02,1.043379E+00,1.610900E-02,2.538953E-01,3.173692E-02,4.090000E-03
32,12,1,6.221244E-02,1.043379E+00,9.200000E-04,4.445652E+00,3.704710E-01,4.090000E-03
32,12,2,6.221244E-02,1.043379E+00,1.600200E-02,2.555931E-01,2.129942E-02,4.090000E-03
32,12,3,6.211444E-02,1.043379E+00,3.306700E-02,1.236883E-01,1.030736E-02,4.090000E-03
32,12,4,6.211444E-02,1.038618E+00,7.340100E-02,5.572131E-02,4.643443E-03,4.090000E-03
32,12,6,6.221244E-02,1.038172E+00,1.698500E-01,2.408007E-02,2.006673E-03,4.090000E-03
32,12,8,6.221244E-02,1.043379E+00,2.178950E-01,1.877051E-02,1.564209E-03,4.090000E-03
32,12,12,6.221244E-02,1.043379E+00,4.095600E-02,9.986327E-02,8.321939E-03,4.090000E-03
32,12,16,6.221244E-02,1.043379E+00,7.765400E-02,5.266953E-02,4.389128E-03,4.090000E-03
32,12,18,6.221244E-02,1.043379E+00,4.164100E-02,9.822050E-02,8.185042E-03,4.090000E-03
32,12,36,6.221244E-02,1.043379E+00,8.065900E-02,5.070730E-02,4.225608E-03,4.090000E-03
32,16,1,6.221244E-02,1.043379E+00,8.110000E-04,5.043157E+00,3.151973E-01,4.090000E-03
32,16,2,6.211444E-02,1.043379E+00,3.429700E-02,1.192524E-01,7.453276E-03,4.090000E-03
32,16,3,6.221244E-02,1.043379E+00,8.166400E-02,5.008327E-02,3.130204E-03,4.090000E-03
32,16,4,6.221244E-02,1.043379E+00,1.434780E-01,2.850611E-02,1.781632E-03,4.090000E-03
32,16,6,6.221244E-02,1.043379E+00,2.214170E-01,1.847193E-02,1.154496E-03,4.090000E-03
32,16,8,6.221244E-02,1.043379E+00,3.023050E-01,1.352938E-02,8.455864E-04,4.090000E-03
32,16,12,6.221244E-02,1.043379E+00,6.536900E-02,6.256788E-02,3.910493E-03,4.090000E-03
32,16,16,6.221244E-02,1.043379E+00,9.621500E-02,4.250896E-02,2.656810E-03,4.090000E-03
32,16,18,6.221244E-02,1.043379E+00,1.369770E-01,2.985903E-02,1.866189E-03,4.090000E-03
32,16,36,6.221244E-02,1.043379E+00,1.264350E-01,3.234864E-02,2.021790E-03,4.090000E-03
32,18,1,6.221244E-02,1.043379E+00,7.350000E-04,5.564626E+00,3.091459E-01,4.090000E-03
32,18,2,6.211444E-02,1.043379E+00,5.378100E-02,7.604916E-02,4.224953E-03,4.090000E-03
32,18,3,6.221244E-02,1.043379E+00,1.139400E-01,3.589609E-02,1.994227E-03,4.090000E-03
32,18,4,6.221244E-02,1.043379E+00,1.596400E-01,2.562015E-02,1.423341E-03,4.090000E-03
32,18,6,6.221244E-02,1.043379E+00,3.247030E-01,1.259613E-02,6.997848E-04,4.090000E-03
32,18,8,6.221244E-02,1.043379E+00,3.592530E-01,1.138473E-02,6.324852E-04,4.090000E-03
32,18,12,6.221244E-02,1.043379E+00,1.468390E-01,2.785364E-02,1.547424E-03,4.090000E-03
32,18,16,6.221244E-02,1.043379E+00,1.339680E-01,3.052968E-02,1.696093E-03,4.090000E-03
32,18,18,6.221244E-02,1.043379E+00,1.944730E-01,2.103120E-02,1.168400E-03,4.090000E-03
32,18,36,6.221244E-02,1.043379E+00,1.079300E-01,3.789493E-02,2.105274E-03,4.090000E-03
32,36,1,6.221244E-02,1.043379E+00,5.219950E-01,7.835324E-03,2.176479E-04,4.090000E-03
32,36,2,6.221244E-02,1.043379E+00,5.578930E-01,7.331155E-03,2.036432E-04,4.090000E-03
32,36,3,6.221244E-02,1.043379E+00,6.051200E-01,6.758990E-03,1.877497E-04,4.090000E-03
32,36,4,6.221244E-02,1.043379E+00,7.930000E-01,5.157629E-03,1.432675E-04,4.090000E-03
32,36,6,6.221244E-02,1.043379E+00,1.042624E+00,3.922795E-03,1.089665E-04,4.090000E-03
32,36,8,6.221244E-02,1.043379E+00,1.333181E+00,3.067851E-03,8.521807E-05,4.090000E-03
32,36,12,6.221244E-02,1.043379E+00,1.696062E+00,2.411468E-03,6.698523E-05,4.090000E-03
32,36,16,6.221244E-02,1.043379E+00,2.434785E+00,1.679820E-03,4.666166E-05,4.090000E-03
32,36,18,6.221244E-02,1.043379E+00,2.582879E+00,1.583504E-03,4.398623E-05,4.090000E-03
32,36,36,6.221244E-02,1.043379E+00,5.344170E-01,7.653200E-03,2.125889E-04,4.090000E-03
64,1,2,6.242807E-02,1.045246E+00,1.249700E-02,1.570937E+00,1.570937E+00,1.963200E-02
64,1,3,6.242807E-02,1.043939E+00,1.003600E-02,1.956158E+00,1.956158E+00,1.963200E-02
64,1,4,6.240352E-02,1.045246E+00,7.519000E-03,2.610986E+00,2.610986E+00,1.963200E-02
64,1,6,6.233067E-02,1.043939E+00,5.466000E-03,3.591658E+00,3.591658E+00,1.963200E-02
64,1,8,6.240352E-02,1.041250E+00,4.654000E-03,4.218307E+00,4.218307E+00,1.963200E-02
64,1,12,6.242807E-02,1.045246E+00,6.380000E-03,3.077116E+00,3.077116E+00,1.963200E-02
64,1,16,6.240352E-02,1.044056E+00,5.165000E-03,3.800968E+00,3.800968E+00,1.963200E-02
64,1,18,6.237899E-02,1.043939E+00,5.090000E-03,3.856974E+00,3.856974E+00,1.963200E-02
64,1,36,6.237899E-02,1.037334E+00,6.161000E-03,3.186496E+00,3.186496E+00,1.963200E-02
64,2,1,6.242807E-02,1.045246E+00,1.114900E-02,1.760875E+00,8.804377E-01,1.963200E-02
64,2,2,6.240352E-02,1.044056E+00,5.914000E-03,3.319581E+00,1.659790E+00,1.963200E-02
64,2,3,6.240352E-02,1.042433E+00,5.468000E-03,3.590344E+00,1.795172E+00,1.963200E-02
64,2,4,6.242807E-02,1.041250E+00,5.549000E-03,3.537935E+00,1.768967E+00,1.963200E-02
64,2,6,6.230618E-02,1.044056E+00,1.505400E-02,1.304105E+00,6.520526E-01,1.963200E-02
64,2,8,6.242807E-02,1.044056E+00,4.364100E-02,4.498522E-01,2.249261E-01,1.963200E-02
64,2,12,6.225682E-02,1.043939E+00,4.618000E-03,4.251191E+00,2.125595E+00,1.963200E-02
64,2,16,6.240352E-02,1.044056E+00,5.253000E-03,3.737293E+00,1.868646E+00,1.963200E-02
64,2,18,6.240352E-02,1.044056E+00,6.043000E-03,3.248718E+00,1.624359E+00,1.963200E-02
64,2,36,6.242807E-02,1.045246E+00,5.998000E-03,3.273091E+00,1.636546E+00,1.963200E-02
64,3,1,6.242807E-02,1.045246E+00,7.568000E-03,2.594080E+00,8.646934E-01,1.963200E-02
64,3,2,6.242807E-02,1.045246E+00,5.199000E-03,3.776111E+00,1.258704E+00,1.963200E-02
64,3,3,6.242807E-02,1.045246E+00,3.556000E-03,5.520810E+00,1.840270E+00,1.963200E-02
64,3,4,6.242807E-02,1.045246E+00,3.064000E-03,6.407311E+00,2.135770E+00,1.963200E-02
64,3,6,6.240352E-02,1.042433E+00,2.002000E-02,9.806194E-01,3.268731E-01,1.963200E-02
64,3,8,6.230618E-02,1.042433E+00,3.351600E-02,5.857501E-01,1.952500E-01,1.963200E-02
64,3,12,6.233067E-02,1.044056E+00,3.449000E-03,5.692085E+00,1.897362E+00,1.963200E-02
64,3,16,6.240352E-02,1.037580E+00,4.251000E-03,4.618207E+00,1.539402E+00,1.963200E-02
64,3,18,6.233067E-02,1.045246E+00,3.809000E-03,5.154109E+00,1.718036E+00,1.963200E-02
64,3,36,6.233067E-02,1.044056E+00,5.296000E-03,3.706949E+00,1.235650E+00,1.963200E-02
64,4,1,6.242807E-02,1.045246E+00,5.580000E-03,3.518280E+00,8.795699E-01,1.963200E-02
64,4,2,6.240352E-02,1.045246E+00,4.274000E-03,4.593355E+00,1.148339E+00,1.963200E-02
64,4,3,6.242807E-02,1.044056E+00,6.892000E-03,2.848520E+00,7.121300E-01,1.963200E-02
64,4,4,6.240352E-02,1.043939E+00,5.691000E-03,3.449657E+00,8.624143E-01,1.963200E-02
64,4,6,6.240352E-02,1.043939E+00,3.921600E-02,5.006120E-01,1.251530E-01,1.963200E-02
64,4,8,6.174668E-02,1.040371E+00,5.175700E-02,3.793110E-01,9.482775E-02,1.963200E-02
64,4,12,6.237899E-02,1.045246E+00,3.334000E-03,5.888422E+00,1.472106E+00,1.963200E-02
64,4,16,6.240352E-02,1.043939E+00,3.230000E-03,6.078019E+00,1.519505E+00,1.963200E-02
64,4,18,6.233067E-02,1.044056E+00,3.293000E-03,5.961737E+00,1.490434E+00,1.963200E-02
64,4,36,6.242807E-02,1.044056E+00,1.586400E-02,1.237519E+00,3.093797E-01,1.963200E-02
64,6,1,6.242807E-02,1.045246E+00,3.785000E-03,5.186790E+00,8.644650E-01,1.963200E-02
64,6,2,6.237899E-02,1.045246E+00,5.405000E-03,3.632192E+00,6.053654E-01,1.963200E-02
64,6,3,6.237899E-02,1.042433E+00,6.030000E-03,3.255721E+00,5.426202E-01,1.963200E-02
64,6,4,6.242807E-02,1.043939E+00,1.385300E-02,1.417166E+00,2.361943E-01,1.963200E-02
64,6,6,6.242807E-02,1.045246E+00,6.398800E-02,3.068075E-01,5.113459E-02,1.963200E-02
64,6,8,6.242807E-02,1.044056E+00,9.378500E-02,2.093299E-01,3.488831E-02,1.963200E-02
64,6,12,6.240352E-02,1.045246E+00,3.998000E-03,4.910455E+00,8.184092E-01,1.963200E-02
64,6,16,6.242807E-02,1.044056E+00,3.516000E-03,5.583618E+00,9.306030E-01,1.963200E-02
64,6,18,6.230618E-02,1.041250E+00,3.826000E-03,5.131208E+00,8.552013E-01,1.963200E-02
64,6,36,6.242807E-02,1.034202E+00,3.026800E-02,6.486058E-01,1.081010E-01,1.963200E-02
64,8,1,6.242807E-02,1.045246E+00,2.752000E-03,7.133721E+00,8.917151E-01,1.963200E-02
64,8,2,6.240352E-02,1.043939E+00,6.163000E-03,3.185462E+00,3.981827E-01,1.963200E-02
64,8,3,6.240352E-02,1.044056E+00,1.912400E-02,1.026563E+00,1.283204E-01,1.963200E-02
64,8,4,6.242807E-02,1.042433E+00,4.510500E-02,4.352511E-01,5.440639E-02,1.963200E-02
64,8,6,6.242807E-02,1.045246E+00,9.953200E-02,1.972431E-01,2.465539E-02,1.963200E-02
64,8,8,6.242807E-02,1.045246E+00,1.480580E-01,1.325967E-01,1.657459E-02,1.963200E-02
64,8,12,6.242807E-02,1.044056E+00,4.038100E-02,4.861692E-01,6.077115E-02,1.963200E-02
64,8,16,6.242807E-02,1.045246E+00,1.607200E-02,1.221503E+00,1.526879E-01,1.963200E-02
64,8,18,6.242807E-02,1.045246E+00,5.472900E-02,3.587129E-01,4.483912E-02,1.963200E-02
64,8,36,6.233067E-02,1.045246E+00,1.295900E-02,1.514932E+00,1.893665E-01,1.963200E-02
64,12,1,6.242807E-02,1.045246E+00,2.341000E-03,8.386160E+00,6.988466E-01,1.963200E-02
64,12,2,6.242807E-02,1.045246E+00,1.574200E-02,1.247110E+00,1.039258E-01,1.963200E-02
64,12,3,6.242807E-02,1.044056E+00,4.225900E-02,4.645638E-01,3.871365E-02,1.963200E-02
64,12,4,6.242807E-02,1.045246E+00,8.088900E-02,2.427030E-01,2.022525E-02,1.963200E-02
64,12,6,6.242807E-02,1.045246E+00,1.602580E-01,1.225025E-01,1.020854E-02,1.963200E-02
64,12,8,6.242807E-02,1.045246E+00,2.184340E-01,8.987612E-02,7.489677E-03,1.963200E-02
64,12,12,6.240352E-02,1.044056E+00,7.955800E-02,2.467634E-01,2.056361E-02,1.963200E-02
64,12,16,6.240352E-02,1.045246E+00,4.258400E-02,4.610182E-01,3.841819E-02,1.963200E-02
64,12,18,6.242807E-02,1.044056E+00,4.775800E-02,4.110725E-01,3.425604E-02,1.963200E-02
64,12,36,6.240352E-02,1.045246E+00,6.167600E-02,3.183086E-01,2.652572E-02,1.963200E-02
64,16,1,6.242807E-02,1.045246E+00,2.078000E-03,9.447546E+00,5.904716E-01,1.963200E-02
64,16,2,6.242807E-02,1.045246E+00,3.769800E-02,5.207703E-01,3.254815E-02,1.963200E-02
64,16,3,6.242807E-02,1.045246E+00,8.115200E-02,2.419164E-01,1.511978E-02,1.963200E-02
64,16,4,6.242807E-02,1.045246E+00,1.333110E-01,1.472647E-01,9.204042E-03,1.963200E-02
64,16,6,6.242807E-02,1.045246E+00,2.256210E-01,8.701318E-02,5.438324E-03,1.963200E-02
64,16,8,6.242807E-02,1.045246E+00,3.042770E-01,6.452016E-02,4.032510E-03,1.963200E-02
64,16,12,6.242807E-02,1.045246E+00,1.082550E-01,1.813496E-01,1.133435E-02,1.963200E-02
64,16,16,6.240352E-02,1.044056E+00,1.398420E-01,1.403870E-01,8.774188E-03,1.963200E-02
64,16,18,6.242807E-02,1.044056E+00,7.225300E-02,2.717119E-01,1.698199E-02,1.963200E-02
64,16,36,6.242807E-02,1.045246E+00,1.124970E-01,1.745113E-01,1.090696E-02,1.963200E-02
64,18,1,6.242807E-02,1.045246E+00,2.038000E-03,9.632974E+00,5.351652E-01,1.963200E-02
64,18,2,6.240352E-02,1.045246E+00,6.946900E-02,2.826009E-01,1.570005E-02,1.963200E-02
64,18,3,6.240352E-02,1.045246E+00,1.219110E-01,1.610355E-01,8.946417E-03,1.963200E-02
64,18,4,6.242807E-02,1.045246E+00,1.720830E-01,1.140845E-01,6.338027E-03,1.963200E-02
64,18,6,6.242807E-02,1.045246E+00,2.552790E-01,7.690409E-02,4.272450E-03,1.963200E-02
64,18,8,6.242807E-02,1.045246E+00,4.121890E-01,4.762864E-02,2.646035E-03,1.963200E-02
64,18,12,6.242807E-02,1.045246E+00,1.187400E-01,1.653360E-01,9.185335E-03,1.963200E-02
64,18,16,6.242807E-02,1.044056E+00,1.749590E-01,1.122091E-01,6.233841E-03,1.963200E-02
64,18,18,6.242807E-02,1.045246E+00,1.396090E-01,1.406213E-01,7.812295E-03,1.963200E-02
64,18,36,6.242807E-02,1.045246E+00,1.476900E-01,1.329271E-01,7.384838E-03,1.963200E-02
64,36,1,6.242807E-02,1.045246E+00,5.030160E-01,3.902858E-02,1.084127E-03,1.963200E-02
64,36,2,6.240352E-02,1.044056E+00,6.000140E-01,3.271924E-02,9.088677E-04,1.963200E-02
64,36,3,6.242807E-02,1.045246E+00,6.794200E-01,2.889523E-02,8.026454E-04,1.963200E-02
64,36,4,6.242807E-02,1.045246E+00,8.301140E-01,2.364976E-02,6.569379E-04,1.963200E-02
64,36,6,6.242807E-02,1.045246E+00,1.027080E+00,1.911438E-02,5.309551E-04,1.963200E-02
64,36,8,6.242807E-02,1.045246E+00,1.266208E+00,1.550456E-02,4.306823E-04,1.963200E-02
64,36,12,6.242807E-02,1.045246E+00,1.727928E+00,1.136158E-02,3.155996E-04,1.963200E-02
64,36,16,6.242807E-02,1.045246E+00,2.170205E+00,9.046150E-03,2.512819E-04,1.963200E-02
64,36,18,6.242807E-02,1.045246E+00,2.498990E+00,7.855974E-03,2.182215E-04,1.963200E-02
64,36,36,6.242807E-02,1.045246E+00,6.342750E-01,3.095187E-02,8.597743E-04,1.963200E-02
256,1,2,6.249397E-02,1.046681E+00,1.384930E-01,1.673558E+00,1.673558E+00,2.317760E-01
256,1,3,6.249550E-02,1.046179E+00,1.072000E-01,2.162090E+00,2.162090E+00,2.317760E-01
256,1,4,6.249550E-02,1.046681E+00,1.010740E-01,2.293132E+00,2.293132E+00,2.317760E-01
256,1,6,6.247871E-02,1.046681E+00,7.404900E-02,3.130036E+00,3.130036E+00,2.317760E-01
256,1,8,6.249243E-02,1.046187E+00,6.042800E-02,3.835573E+00,3.835573E+00,2.317760E-01
256,1,12,6.240999E-02,1.046599E+00,7.508400E-02,3.086889E+00,3.086889E+00,2.317760E-01
256,1,16,6.249397E-02,1.046408E+00,6.807600E-02,3.404665E+00,3.404665E+00,2.317760E-01
256,1,18,6.248787E-02,1.046376E+00,6.142100E-02,3.773563E+00,3.773563E+00,2.317760E-01
256,1,36,6.248941E-02,1.046681E+00,5.900700E-02,3.927941E+00,3.927941E+00,2.317760E-01
256,2,1,6.249550E-02,1.046681E+00,1.204850E-01,1.923692E+00,9.618459E-01,2.317760E-01
256,2,2,6.249397E-02,1.046606E+00,9.807500E-02,2.363253E+00,1.181626E+00,2.317760E-01
256,2,3,6.249397E-02,1.046606E+00,7.119400E-02,3.255555E+00,1.627778E+00,2.317760E-01
256,2,4,6.249243E-02,1.046681E+00,5.719100E-02,4.052666E+00,2.026333E+00,2.317760E-01
256,2,6,6.248332E-02,1.046261E+00,7.935400E-02,2.920785E+00,1.460393E+00,2.317760E-01
256,2,8,6.248787E-02,1.045446E+00,1.019250E-01,2.273986E+00,1.136993E+00,2.317760E-01
256,2,12,6.248941E-02,1.045989E+00,5.208200E-02,4.450213E+00,2.225107E+00,2.317760E-01
256,2,16,6.249550E-02,1.046681E+00,6.055100E-02,3.827782E+00,1.913891E+00,2.317760E-01
256,2,18,6.248332E-02,1.046376E+00,5.782400E-02,4.008301E+00,2.004151E+00,2.317760E-01
256,2,36,6.249550E-02,1.046681E+00,6.162700E-02,3.760949E+00,1.880474E+00,2.317760E-01
256,3,1,6.249550E-02,1.046681E+00,1.079730E-01,2.146611E+00,7.155369E-01,2.317760E-01
256,3,2,6.249550E-02,1.046681E+00,7.059000E-02,3.283411E+00,1.094470E+00,2.317760E-01
256,3,3,6.249397E-02,1.046376E+00,5.565400E-02,4.164588E+00,1.388196E+00,2.317760E-01
256,3,4,6.249397E-02,1.046606E+00,4.104700E-02,5.646600E+00,1.882200E+00,2.317760E-01
256,3,6,6.249397E-02,1.046681E+00,6.247600E-02,3.709841E+00,1.236614E+00,2.317760E-01
256,3,8,6.249243E-02,1.046681E+00,7.467700E-02,3.103713E+00,1.034571E+00,2.317760E-01
256,3,12,6.249550E-02,1.046606E+00,4.164700E-02,5.565251E+00,1.855084E+00,2.317760E-01
256,3,16,6.249397E-02,1.046681E+00,4.455100E-02,5.202487E+00,1.734162E+00,2.317760E-01
256,3,18,6.248327E-02,1.046606E+00,5.590000E-02,4.146261E+00,1.382087E+00,2.317760E-01
256,3,36,6.248787E-02,1.046681E+00,4.277800E-02,5.418112E+00,1.806037E+00,2.317760E-01
256,4,1,6.249550E-02,1.046681E+00,8.197800E-02,2.827295E+00,7.068238E-01,2.317760E-01
256,4,2,6.249550E-02,1.046681E+00,5.630300E-02,4.116583E+00,1.029146E+00,2.317760E-01
256,4,3,6.249550E-02,1.046681E+00,4.307500E-02,5.380754E+00,1.345189E+00,2.317760E-01
256,4,4,6.249550E-02,1.046681E+00,3.480300E-02,6.659656E+00,1.664914E+00,2.317760E-01
256,4,6,6.248941E-02,1.046681E+00,6.234100E-02,3.717874E+00,9.294686E-01,2.317760E-01
256,4,8,6.248332E-02,1.046606E+00,6.993700E-02,3.314068E+00,8.285171E-01,2.317760E-01
256,4,12,6.249397E-02,1.046681E+00,3.674800E-02,6.307173E+00,1.576793E+00,2.317760E-01
256,4,16,6.248941E-02,1.045966E+00,3.526200E-02,6.572968E+00,1.643242E+00,2.317760E-01
256,4,18,6.248480E-02,1.046681E+00,3.747700E-02,6.184486E+00,1.546122E+00,2.317760E-01
256,4,36,6.249397E-02,1.046606E+00,3.825900E-02,6.058078E+00,1.514519E+00,2.317760E-01
256,6,1,6.249550E-02,1.046681E+00,5.779100E-02,4.010590E+00,6.684316E-01,2.317760E-01
256,6,2,6.249550E-02,1.046681E+00,5.896200E-02,3.930939E+00,6.551564E-01,2.317760E-01
256,6,3,6.249397E-02,1.046606E+00,3.068000E-02,7.554628E+00,1.259105E+00,2.317760E-01
256,6,4,6.249550E-02,1.046606E+00,4.852600E-02,4.776326E+00,7.960543E-01,2.317760E-01
256,6,6,6.249550E-02,1.046681E+00,9.343200E-02,2.480692E+00,4.134486E-01,2.317760E-01
256,6,8,6.249550E-02,1.046681E+00,1.216750E-01,1.904878E+00,3.174796E-01,2.317760E-01
256,6,12,6.249550E-02,1.046681E+00,3.349400E-02,6.919926E+00,1.153321E+00,2.317760E-01
256,6,16,6.246960E-02,1.046681E+00,3.393400E-02,6.830200E+00,1.138367E+00,2.317760E-01
256,6,18,6.245731E-02,1.046261E+00,3.579100E-02,6.475818E+00,1.079303E+00,2.317760E-01
256,6,36,6.249397E-02,1.046681E+00,3.744100E-02,6.190433E+00,1.031739E+00,2.317760E-01
256,8,1,6.249550E-02,1.046681E+00,5.035200E-02,4.603114E+00,5.753893E-01,2.317760E-01
256,8,2,6.249550E-02,1.046606E+00,4.688400E-02,4.943605E+00,6.179507E-01,2.317760E-01
256,8,3,6.249397E-02,1.046681E+00,6.212400E-02,3.730861E+00,4.663576E-01,2.317760E-01
256,8,4,6.248787E-02,1.046606E+00,5.748500E-02,4.031939E+00,5.039923E-01,2.317760E-01
256,8,6,6.249550E-02,1.046681E+00,1.146120E-01,2.022266E+00,2.527833E-01,2.317760E-01
256,8,8,6.249550E-02,1.046681E+00,1.608640E-01,1.440820E+00,1.801024E-01,2.317760E-01
256,8,12,6.248941E-02,1.046376E+00,4.439200E-02,5.221121E+00,6.526401E-01,2.317760E-01
256,8,16,6.248941E-02,1.046681E+00,3.462600E-02,6.693698E+00,8.367123E-01,2.317760E-01
256,8,18,6.249550E-02,1.046681E+00,3.798800E-02,6.101295E+00,7.626619E-01,2.317760E-01
256,8,36,6.249550E-02,1.046681E+00,4.064900E-02,5.701887E+00,7.127359E-01,2.317760E-01
256,12,1,6.249550E-02,1.046681E+00,3.991400E-02,5.806885E+00,4.839071E-01,2.317760E-01
256,12,2,6.249397E-02,1.046681E+00,4.597200E-02,5.041678E+00,4.201398E-01,2.317760E-01
256,12,3,6.249397E-02,1.046681E+00,7.431400E-02,3.118874E+00,2.599062E-01,2.317760E-01
256,12,4,6.249397E-02,1.046606E+00,1.084790E-01,2.136598E+00,1.780498E-01,2.317760E-01
256,12,6,6.249397E-02,1.046681E+00,1.751880E-01,1.323013E+00,1.102511E-01,2.317760E-01
256,12,8,6.249550E-02,1.046681E+00,2.383730E-01,9.723249E-01,8.102707E-02,2.317760E-01
256,12,12,6.249397E-02,1.046681E+00,5.775900E-02,4.012812E+00,3.344010E-01,2.317760E-01
256,12,16,6.248941E-02,1.046170E+00,6.381600E-02,3.631942E+00,3.026618E-01,2.317760E-01
256,12,18,6.248327E-02,1.046681E+00,6.434900E-02,3.601859E+00,3.001549E-01,2.317760E-01
256,12,36,6.249397E-02,1.046376E+00,6.320900E-02,3.666820E+00,3.055683E-01,2.317760E-01
256,16,1,6.249550E-02,1.046681E+00,3.056300E-02,7.583549E+00,4.739718E-01,2.317760E-01
256,16,2,6.249550E-02,1.046681E+00,7.673900E-02,3.020316E+00,1.887697E-01,2.317760E-01
256,16,3,6.249397E-02,1.046606E+00,1.050280E-01,2.206802E+00,1.379251E-01,2.317760E-01
256,16,4,6.249550E-02,1.046606E+00,1.908410E-01,1.214498E+00,7.590612E-02,2.317760E-01
256,16,6,6.249550E-02,1.046681E+00,2.409880E-01,9.617740E-01,6.011088E-02,2.317760E-01
256,16,8,6.249550E-02,1.046681E+00,3.201450E-01,7.239720E-01,4.524825E-02,2.317760E-01
256,16,12,6.249550E-02,1.046681E+00,8.249700E-02,2.809508E+00,1.755943E-01,2.317760E-01
256,16,16,6.249550E-02,1.046681E+00,4.462800E-02,5.193511E+00,3.245944E-01,2.317760E-01
256,16,18,6.249550E-02,1.046681E+00,1.209630E-01,1.916090E+00,1.197556E-01,2.317760E-01
256,16,36,6.249243E-02,1.046606E+00,1.106040E-01,2.095548E+00,1.309718E-01,2.317760E-01
256,18,1,6.249550E-02,1.046681E+00,2.772500E-02,8.359820E+00,4.644344E-01,2.317760E-01
256,18,2,6.249550E-02,1.046606E+00,1.019650E-01,2.273094E+00,1.262830E-01,2.317760E-01
256,18,3,6.249550E-02,1.046681E+00,1.393850E-01,1.662848E+00,9.238042E-02,2.317760E-01
256,18,4,6.249550E-02,1.046681E+00,2.196650E-01,1.055134E+00,5.861855E-02,2.317760E-01
256,18,6,6.249550E-02,1.046681E+00,3.253660E-01,7.123547E-01,3.957526E-02,2.317760E-01
256,18,8,6.249550E-02,1.046681E+00,3.750660E-01,6.179606E-01,3.433114E-02,2.317760E-01
256,18,12,6.249550E-02,1.046681E+00,8.298800E-02,2.792886E+00,1.551603E-01,2.317760E-01
256,18,16,6.249550E-02,1.046681E+00,1.312260E-01,1.766235E+00,9.812419E-02,2.317760E-01
256,18,18,6.248787E-02,1.046681E+00,1.497210E-01,1.548053E+00,8.600293E-02,2.317760E-01
256,18,36,6.249550E-02,1.046681E+00,1.146360E-01,2.021843E+00,1.123246E-01,2.317760E-01
256,36,1,6.249550E-02,1.046681E+00,5.840190E-01,3.968638E-01,1.102399E-02,2.317760E-01
256,36,2,6.249550E-02,1.046606E+00,6.295930E-01,3.681362E-01,1.022601E-02,2.317760E-01
256,36,3,6.249550E-02,1.046681E+00,7.523780E-01,3.080579E-01,8.557164E-03,2.317760E-01
256,36,4,6.249550E-02,1.046681E+00,8.236670E-01,2.813953E-01,7.816535E-03,2.317760E-01
256,36,6,6.249550E-02,1.046681E+00,1.073458E+00,2.159153E-01,5.997647E-03,2.317760E-01
256,36,8,6.249550E-02,1.046681E+00,1.299334E+00,1.783806E-01,4.955017E-03,2.317760E-01
256,36,12,6.249550E-02,1.046681E+00,1.687657E+00,1.373360E-01,3.814888E-03,2.317760E-01
256,36,16,6.249550E-02,1.046606E+00,2.413636E+00,9.602774E-02,2.667437E-03,2.317760E-01
256,36,18,6.249550E-02,1.046681E+00,2.524469E+00,9.181178E-02,2.550327E-03,2.317760E-01
256,36,36,6.249550E-02,1.046681E+00,6.308180E-01,3.674213E-01,1.020615E-02,2.317760E-01
512,1,2,6.249849E-02,1.046854E+00,4.865810E-01,1.820139E+00,1.820139E+00,8.856450E-01
512,1,3,6.249888E-02,1.046854E+00,3.575740E-01,2.476816E+00,2.476816E+00,8.856450E-01
512,1,4,6.249849E-02,1.046836E+00,2.845290E-01,3.112670E+00,3.112670E+00,8.856450E-01
512,1,6,6.249735E-02,1.046430E+00,2.259580E-01,3.919512E+00,3.919512E+00,8.856450E-01
512,1,8,6.249849E-02,1.046666E+00,1.896690E-01,4.669424E+00,4.669424E+00,8.856450E-01
512,1,12,6.249888E-02,1.046871E+00,2.148890E-01,4.121407E+00,4.121407E+00,8.856450E-01
512,1,16,6.249735E-02,1.046430E+00,2.057610E-01,4.304241E+00,4.304241E+00,8.856450E-01
512,1,18,6.249849E-02,1.046871E+00,1.839860E-01,4.813654E+00,4.813654E+00,8.856450E-01
512,1,36,6.249849E-02,1.046795E+00,1.806790E-01,4.901759E+00,4.901759E+00,8.856450E-01
512,2,1,6.249888E-02,1.046871E+00,4.657880E-01,1.901391E+00,9.506954E-01,8.856450E-01
512,2,2,6.249888E-02,1.046854E+00,2.876410E-01,3.078994E+00,1.539497E+00,8.856450E-01
512,2,3,6.249888E-02,1.046795E+00,2.166920E-01,4.087114E+00,2.043557E+00,8.856450E-01
512,2,4,6.249735E-02,1.046851E+00,1.825540E-01,4.851414E+00,2.425707E+00,8.856450E-01
512,2,6,6.249888E-02,1.046871E+00,2.143920E-01,4.130961E+00,2.065481E+00,8.856450E-01
512,2,8,6.249162E-02,1.046871E+00,2.152460E-01,4.114571E+00,2.057286E+00,8.856450E-01
512,2,12,6.249849E-02,1.046853E+00,1.973930E-01,4.486709E+00,2.243355E+00,8.856450E-01
512,2,16,6.248820E-02,1.046871E+00,1.736340E-01,5.100643E+00,2.550321E+00,8.856450E-01
512,2,18,6.248820E-02,1.046795E+00,1.908570E-01,4.640359E+00,2.320180E+00,8.856450E-01
512,2,36,6.249354E-02,1.046871E+00,1.986920E-01,4.457376E+00,2.228688E+00,8.856450E-01
512,3,1,6.249888E-02,1.046871E+00,3.282140E-01,2.698377E+00,8.994589E-01,8.856450E-01
512,3,2,6.249888E-02,1.046854E+00,2.207130E-01,4.012654E+00,1.337551E+00,8.856450E-01
512,3,3,6.249849E-02,1.046871E+00,1.609120E-01,5.503909E+00,1.834636E+00,8.856450E-01
512,3,4,6.249888E-02,1.046853E+00,1.324900E-01,6.684618E+00,2.228206E+00,8.856450E-01
512,3,6,6.249697E-02,1.046681E+00,1.675720E-01,5.285161E+00,1.761720E+00,8.856450E-01
512,3,8,6.249849E-02,1.046717E+00,1.851060E-01,4.784529E+00,1.594843E+00,8.856450E-01
512,3,12,6.249888E-02,1.046675E+00,1.394420E-01,6.351350E+00,2.117117E+00,8.856450E-01
512,3,16,6.249888E-02,1.046834E+00,1.507500E-01,5.874925E+00,1.958308E+00,8.856450E-01
512,3,18,6.249240E-02,1.046834E+00,1.802700E-01,4.912881E+00,1.637627E+00,8.856450E-01
512,3,36,6.249888E-02,1.046853E+00,1.756740E-01,5.041412E+00,1.680471E+00,8.856450E-01
512,4,1,6.249888E-02,1.046871E+00,2.514160E-01,3.522628E+00,8.806570E-01,8.856450E-01
512,4,2,6.249849E-02,1.046871E+00,1.685390E-01,5.254837E+00,1.313709E+00,8.856450E-01
512,4,3,6.249849E-02,1.046871E+00,1.311220E-01,6.754359E+00,1.688590E+00,8.856450E-01
512,4,4,6.249849E-02,1.046871E+00,1.055990E-01,8.386869E+00,2.096717E+00,8.856450E-01
512,4,6,6.249849E-02,1.046853E+00,1.359550E-01,6.514251E+00,1.628563E+00,8.856450E-01
512,4,8,6.249811E-02,1.046871E+00,1.594610E-01,5.553991E+00,1.388498E+00,8.856450E-01
512,4,12,6.249735E-02,1.046795E+00,1.240470E-01,7.139592E+00,1.784898E+00,8.856450E-01
512,4,16,6.249353E-02,1.046715E+00,1.095320E-01,8.085719E+00,2.021430E+00,8.856450E-01
512,4,18,6.249811E-02,1.046378E+00,1.187940E-01,7.455301E+00,1.863825E+00,8.856450E-01
512,4,36,6.249162E-02,1.046871E+00,1.197160E-01,7.397883E+00,1.849471E+00,8.856450E-01
512,6,1,6.249888E-02,1.046871E+00,1.812350E-01,4.886722E+00,8.144536E-01,8.856450E-01
512,6,2,6.249888E-02,1.046836E+00,1.309230E-01,6.764625E+00,1.127438E+00,8.856450E-01
512,6,3,6.249888E-02,1.046854E+00,1.219510E-01,7.262302E+00,1.210384E+00,8.856450E-01
512,6,4,6.249849E-02,1.046871E+00,1.244650E-01,7.115615E+00,1.185936E+00,8.856450E-01
512,6,6,6.249162E-02,1.046717E+00,1.441460E-01,6.144083E+00,1.024014E+00,8.856450E-01
512,6,8,6.249735E-02,1.046871E+00,1.697070E-01,5.218671E+00,8.697785E-01,8.856450E-01
512,6,12,6.249582E-02,1.046778E+00,1.169060E-01,7.575702E+00,1.262617E+00,8.856450E-01
512,6,16,6.249888E-02,1.046871E+00,1.082130E-01,8.184275E+00,1.364046E+00,8.856450E-01
512,6,18,6.245120E-02,1.046378E+00,1.138190E-01,7.781170E+00,1.296862E+00,8.856450E-01
512,6,36,6.249735E-02,1.046871E+00,2.254750E-01,3.927908E+00,6.546513E-01,8.856450E-01
512,8,1,6.249888E-02,1.046871E+00,1.522400E-01,5.817426E+00,7.271783E-01,8.856450E-01
512,8,2,6.249888E-02,1.046871E+00,1.761650E-01,5.027361E+00,6.284201E-01,8.856450E-01
512,8,3,6.249849E-02,1.046854E+00,1.590740E-01,5.567503E+00,6.959379E-01,8.856450E-01
512,8,4,6.249849E-02,1.046854E+00,1.326820E-01,6.674945E+00,8.343681E-01,8.856450E-01
512,8,6,6.249888E-02,1.046871E+00,1.686150E-01,5.252469E+00,6.565586E-01,8.856450E-01
512,8,8,6.249735E-02,1.046795E+00,2.043160E-01,4.334683E+00,5.418353E-01,8.856450E-01
512,8,12,6.249849E-02,1.046851E+00,9.793900E-02,9.042823E+00,1.130353E+00,8.856450E-01
512,8,16,6.249811E-02,1.046871E+00,1.037120E-01,8.539465E+00,1.067433E+00,8.856450E-01
512,8,18,6.249888E-02,1.046871E+00,1.043510E-01,8.487173E+00,1.060897E+00,8.856450E-01
512,8,36,6.249888E-02,1.046871E+00,1.194080E-01,7.416965E+00,9.271207E-01,8.856450E-01
512,12,1,6.249888E-02,1.046871E+00,1.310050E-01,6.760391E+00,5.633659E-01,8.856450E-01
512,12,2,6.249888E-02,1.046854E+00,1.192290E-01,7.428101E+00,6.190084E-01,8.856450E-01
512,12,3,6.249849E-02,1.046871E+00,1.253180E-01,7.067181E+00,5.889318E-01,8.856450E-01
512,12,4,6.249888E-02,1.046854E+00,1.518850E-01,5.831023E+00,4.859186E-01,8.856450E-01
512,12,6,6.249697E-02,1.046853E+00,2.266990E-01,3.906700E+00,3.255583E-01,8.856450E-01
512,12,8,6.249888E-02,1.046871E+00,2.912560E-01,3.040779E+00,2.533982E-01,8.856450E-01
512,12,12,6.249697E-02,1.046871E+00,1.049250E-01,8.440743E+00,7.033953E-01,8.856450E-01
512,12,16,6.249888E-02,1.046871E+00,1.508300E-01,5.871809E+00,4.893174E-01,8.856450E-01
512,12,18,6.249888E-02,1.046853E+00,1.056320E-01,8.384249E+00,6.986874E-01,8.856450E-01
512,12,36,6.249735E-02,1.046795E+00,1.115520E-01,7.939302E+00,6.616085E-01,8.856450E-01
512,16,1,6.249888E-02,1.046871E+00,1.021820E-01,8.667329E+00,5.417081E-01,8.856450E-01
512,16,2,6.249888E-02,1.046854E+00,2.279860E-01,3.884646E+00,2.427904E-01,8.856450E-01
512,16,3,6.249888E-02,1.046871E+00,1.587750E-01,5.577988E+00,3.486242E-01,8.856450E-01
512,16,4,6.249888E-02,1.046871E+00,2.007810E-01,4.411000E+00,2.756875E-01,8.856450E-01
512,16,6,6.249849E-02,1.046851E+00,2.808470E-01,3.153479E+00,1.970924E-01,8.856450E-01
512,16,8,6.249888E-02,1.046871E+00,3.616570E-01,2.448853E+00,1.530533E-01,8.856450E-01
512,16,12,6.249888E-02,1.046871E+00,1.093940E-01,8.095919E+00,5.059950E-01,8.856450E-01
512,16,16,6.249888E-02,1.046871E+00,1.166310E-01,7.593564E+00,4.745978E-01,8.856450E-01
512,16,18,6.249888E-02,1.046871E+00,1.346280E-01,6.578461E+00,4.111538E-01,8.856450E-01
512,16,36,6.249849E-02,1.046871E+00,1.820170E-01,4.865727E+00,3.041079E-01,8.856450E-01
512,18,1,6.249888E-02,1.046871E+00,9.308000E-02,9.514880E+00,5.286044E-01,8.856450E-01
512,18,2,6.249888E-02,1.046851E+00,1.434800E-01,6.172602E+00,3.429224E-01,8.856450E-01
512,18,3,6.249888E-02,1.046871E+00,3.202320E-01,2.765636E+00,1.536464E-01,8.856450E-01
512,18,4,6.249888E-02,1.046871E+00,2.311290E-01,3.831821E+00,2.128790E-01,8.856450E-01
512,18,6,6.249888E-02,1.046871E+00,3.226330E-01,2.745054E+00,1.525030E-01,8.856450E-01
512,18,8,6.249888E-02,1.046871E+00,3.959810E-01,2.236585E+00,1.242547E-01,8.856450E-01
512,18,12,6.249888E-02,1.046854E+00,3.474380E-01,2.549074E+00,1.416152E-01,8.856450E-01
512,18,16,6.249888E-02,1.046871E+00,3.433500E-01,2.579423E+00,1.433013E-01,8.856450E-01
512,18,18,6.249888E-02,1.046854E+00,2.774960E-01,3.191560E+00,1.773089E-01,8.856450E-01
512,18,36,6.249888E-02,1.046871E+00,2.602340E-01,3.403264E+00,1.890702E-01,8.856450E-01
512,36,1,6.249888E-02,1.046871E+00,6.009990E-01,1.473621E+00,4.093393E-02,8.856450E-01
512,36,2,6.249888E-02,1.046871E+00,7.060290E-01,1.254403E+00,3.484453E-02,8.856450E-01
512,36,3,6.249888E-02,1.046871E+00,7.700600E-01,1.150099E+00,3.194719E-02,8.856450E-01
512,36,4,6.249888E-02,1.046853E+00,8.769050E-01,1.009967E+00,2.805464E-02,8.856450E-01
512,36,6,6.249888E-02,1.046871E+00,1.127691E+00,7.853614E-01,2.181559E-02,8.856450E-01
512,36,8,6.249888E-02,1.046853E+00,1.298415E+00,6.820970E-01,1.894714E-02,8.856450E-01
512,36,12,6.249888E-02,1.046871E+00,1.801935E+00,4.914966E-01,1.365268E-02,8.856450E-01
512,36,16,6.249888E-02,1.046871E+00,2.227035E+00,3.976790E-01,1.104664E-02,8.856450E-01
512,36,18,6.249888E-02,1.046871E+00,2.779181E+00,3.186712E-01,8.851978E-03,8.856450E-01
512,36,36,6.249849E-02,1.046871E+00,6.820930E-01,1.298423E+00,3.606730E-02,8.856450E-01
1024,1,2,6.249972E-02,1.046976E+00,1.936605E+00,1.946253E+00,1.946253E+00,3.769123E+00
1024,1,3,6.249934E-02,1.046976E+00,1.425669E+00,2.643757E+00,2.643757E+00,3.769123E+00
1024,1,4,6.249934E-02,1.046976E+00,1.127351E+00,3.343345E+00,3.343345E+00,3.769123E+00
1024,1,6,6.249972E-02,1.046965E+00,8.693440E-01,4.335594E+00,4.335594E+00,3.769123E+00
1024,1,8,6.249790E-02,1.046933E+00,6.979070E-01,5.400609E+00,5.400609E+00,3.769123E+00
1024,1,12,6.249962E-02,1.046961E+00,7.483640E-01,5.036484E+00,5.036484E+00,3.769123E+00
1024,1,16,6.249189E-02,1.046972E+00,6.464580E-01,5.830422E+00,5.830422E+00,3.769123E+00
1024,1,18,6.249895E-02,1.046972E+00,6.771730E-01,5.565968E+00,5.565968E+00,3.769123E+00
1024,1,36,6.249924E-02,1.046972E+00,7.094470E-01,5.312762E+00,5.312762E+00,3.769123E+00
1024,2,1,6.249972E-02,1.046976E+00,1.911731E+00,1.971576E+00,9.857880E-01,3.769123E+00
1024,2,2,6.249962E-02,1.046976E+00,1.119932E+00,3.365493E+00,1.682746E+00,3.769123E+00
1024,2,3,6.249962E-02,1.046911E+00,8.052190E-01,4.680867E+00,2.340433E+00,3.769123E+00
1024,2,4,6.249934E-02,1.046965E+00,7.464340E-01,5.049506E+00,2.524753E+00,3.769123E+00
1024,2,6,6.249953E-02,1.046965E+00,6.705510E-01,5.620934E+00,2.810467E+00,3.769123E+00
1024,2,8,6.249972E-02,1.046976E+00,6.231290E-01,6.048704E+00,3.024352E+00,3.769123E+00
1024,2,12,6.249924E-02,1.046957E+00,6.301970E-01,5.980865E+00,2.990432E+00,3.769123E+00
1024,2,16,6.249953E-02,1.046971E+00,5.793010E-01,6.506329E+00,3.253165E+00,3.769123E+00
1024,2,18,6.249905E-02,1.046971E+00,5.954600E-01,6.329767E+00,3.164883E+00,3.769123E+00
1024,2,36,6.249181E-02,1.046879E+00,7.232540E-01,5.211341E+00,2.605670E+00,3.769123E+00
1024,3,1,6.249972E-02,1.046976E+00,1.285818E+00,2.931304E+00,9.771012E-01,3.769123E+00
1024,3,2,6.249972E-02,1.046976E+00,7.493610E-01,5.029783E+00,1.676594E+00,3.769123E+00
1024,3,3,6.249962E-02,1.046976E+00,6.455600E-01,5.838532E+00,1.946177E+00,3.769123E+00
1024,3,4,6.249962E-02,1.046971E+00,4.628890E-01,8.142607E+00,2.714202E+00,3.769123E+00
1024,3,6,6.249848E-02,1.046965E+00,5.700340E-01,6.612102E+00,2.204034E+00,3.769123E+00
1024,3,8,6.249962E-02,1.046961E+00,5.509420E-01,6.841234E+00,2.280411E+00,3.769123E+00
1024,3,12,6.249953E-02,1.046965E+00,4.875760E-01,7.730329E+00,2.576776E+00,3.769123E+00
1024,3,16,6.249962E-02,1.046972E+00,5.153470E-01,7.313758E+00,2.437919E+00,3.769123E+00
1024,3,18,6.249962E-02,1.046972E+00,5.503450E-01,6.848655E+00,2.282885E+00,3.769123E+00
1024,3,36,6.249962E-02,1.046961E+00,5.379340E-01,7.006664E+00,2.335555E+00,3.769123E+00
1024,4,1,6.249972E-02,1.046976E+00,9.711360E-01,3.881148E+00,9.702871E-01,3.769123E+00
1024,4,2,6.249972E-02,1.046971E+00,6.634660E-01,5.680959E+00,1.420240E+00,3.769123E+00
1024,4,3,6.249905E-02,1.046976E+00,5.302300E-01,7.108468E+00,1.777117E+00,3.769123E+00
1024,4,4,6.249934E-02,1.046957E+00,4.491120E-01,8.392390E+00,2.098097E+00,3.769123E+00
1024,4,6,6.249953E-02,1.046972E+00,3.909660E-01,9.640539E+00,2.410135E+00,3.769123E+00
1024,4,8,6.249962E-02,1.046976E+00,3.724460E-01,1.011992E+01,2.529980E+00,3.769123E+00
1024,4,12,6.249790E-02,1.046916E+00,3.835620E-01,9.826633E+00,2.456658E+00,3.769123E+00
1024,4,16,6.249705E-02,1.046972E+00,3.751280E-01,1.004757E+01,2.511891E+00,3.769123E+00
1024,4,18,6.249790E-02,1.046897E+00,3.553630E-01,1.060640E+01,2.651601E+00,3.769123E+00
1024,4,36,6.249924E-02,1.046971E+00,4.601320E-01,8.191395E+00,2.047849E+00,3.769123E+00
1024,6,1,6.249972E-02,1.046976E+00,7.734500E-01,4.873131E+00,8.121885E-01,3.769123E+00
1024,6,2,6.249972E-02,1.046971E+00,5.236440E-01,7.197873E+00,1.199645E+00,3.769123E+00
1024,6,3,6.249972E-02,1.046933E+00,4.893200E-01,7.702777E+00,1.283796E+00,3.769123E+00
1024,6,4,6.249924E-02,1.046932E+00,4.348970E-01,8.666703E+00,1.444450E+00,3.769123E+00
1024,6,6,6.249810E-02,1.046971E+00,3.794290E-01,9.933671E+00,1.655612E+00,3.769123E+00
1024,6,8,6.249972E-02,1.046912E+00,3.768580E-01,1.000144E+01,1.666907E+00,3.769123E+00
1024,6,12,6.249867E-02,1.046960E+00,3.661300E-01,1.029449E+01,1.715749E+00,3.769123E+00
1024,6,16,6.249972E-02,1.046976E+00,3.484300E-01,1.081745E+01,1.802908E+00,3.769123E+00
1024,6,18,6.249962E-02,1.046976E+00,4.193430E-01,8.988162E+00,1.498027E+00,3.769123E+00
1024,6,36,6.249972E-02,1.046976E+00,3.694050E-01,1.020323E+01,1.700538E+00,3.769123E+00
1024,8,1,6.249972E-02,1.046976E+00,5.562560E-01,6.775878E+00,8.469848E-01,3.769123E+00
1024,8,2,6.249972E-02,1.046971E+00,4.429820E-01,8.508524E+00,1.063566E+00,3.769123E+00
1024,8,3,6.249962E-02,1.046957E+00,4.305010E-01,8.755201E+00,1.094400E+00,3.769123E+00
1024,8,4,6.249972E-02,1.046972E+00,3.602110E-01,1.046365E+01,1.307957E+00,3.769123E+00
1024,8,6,6.249972E-02,1.046972E+00,3.703100E-01,1.017829E+01,1.272286E+00,3.769123E+00
1024,8,8,6.249953E-02,1.046946E+00,4.141330E-01,9.101238E+00,1.137655E+00,3.769123E+00
1024,8,12,6.249962E-02,1.046855E+00,3.259030E-01,1.156517E+01,1.445646E+00,3.769123E+00
1024,8,16,6.249962E-02,1.046972E+00,3.478880E-01,1.083430E+01,1.354288E+00,3.769123E+00
1024,8,18,6.249953E-02,1.046916E+00,3.227330E-01,1.167877E+01,1.459846E+00,3.769123E+00
1024,8,36,6.249972E-02,1.046976E+00,3.187840E-01,1.182344E+01,1.477930E+00,3.769123E+00
1024,12,1,6.249972E-02,1.046976E+00,4.244190E-01,8.880665E+00,7.400554E-01,3.769123E+00
1024,12,2,6.249962E-02,1.046976E+00,3.507730E-01,1.074519E+01,8.954326E-01,3.769123E+00
1024,12,3,6.249972E-02,1.046976E+00,3.781620E-01,9.966953E+00,8.305794E-01,3.769123E+00
1024,12,4,6.249972E-02,1.046976E+00,3.737990E-01,1.008329E+01,8.402740E-01,3.769123E+00
1024,12,6,6.249962E-02,1.046976E+00,4.213260E-01,8.945859E+00,7.454883E-01,3.769123E+00
1024,12,8,6.249972E-02,1.046972E+00,4.735130E-01,7.959915E+00,6.633262E-01,3.769123E+00
1024,12,12,6.249972E-02,1.046976E+00,3.086560E-01,1.221140E+01,1.017617E+00,3.769123E+00
1024,12,16,6.249972E-02,1.046976E+00,2.968970E-01,1.269505E+01,1.057921E+00,3.769123E+00
1024,12,18,6.249962E-02,1.046971E+00,3.148050E-01,1.197288E+01,9.977401E-01,3.769123E+00
1024,12,36,6.249972E-02,1.046976E+00,3.741650E-01,1.007342E+01,8.394521E-01,3.769123E+00
1024,16,1,6.249972E-02,1.046976E+00,3.378900E-01,1.115488E+01,6.971801E-01,3.769123E+00
1024,16,2,6.249962E-02,1.046976E+00,3.675960E-01,1.025344E+01,6.408399E-01,3.769123E+00
1024,16,3,6.249972E-02,1.046976E+00,3.766560E-01,1.000680E+01,6.254253E-01,3.769123E+00
1024,16,4,6.249962E-02,1.046976E+00,4.225410E-01,8.920136E+00,5.575085E-01,3.769123E+00
1024,16,6,6.249962E-02,1.046961E+00,4.815220E-01,7.827520E+00,4.892200E-01,3.769123E+00
1024,16,8,6.249972E-02,1.046976E+00,5.458280E-01,6.905331E+00,4.315832E-01,3.769123E+00
1024,16,12,6.249962E-02,1.046976E+00,3.007960E-01,1.253050E+01,7.831560E-01,3.769123E+00
1024,16,16,6.249972E-02,1.046972E+00,4.416610E-01,8.533973E+00,5.333733E-01,3.769123E+00
1024,16,18,6.249953E-02,1.046972E+00,4.403910E-01,8.558583E+00,5.349114E-01,3.769123E+00
1024,16,36,6.249962E-02,1.046976E+00,5.124630E-01,7.354917E+00,4.596823E-01,3.769123E+00
1024,18,1,6.249972E-02,1.046976E+00,3.018510E-01,1.248670E+01,6.937056E-01,3.769123E+00
1024,18,2,6.249972E-02,1.046976E+00,4.917630E-01,7.664511E+00,4.258062E-01,3.769123E+00
1024,18,3,6.249972E-02,1.046976E+00,3.879940E-01,9.714385E+00,5.396880E-01,3.769123E+00
1024,18,4,6.249972E-02,1.046976E+00,4.327580E-01,8.709540E+00,4.838633E-01,3.769123E+00
1024,18,6,6.249972E-02,1.046976E+00,5.391470E-01,6.990900E+00,3.883834E-01,3.769123E+00
1024,18,8,6.249972E-02,1.046976E+00,5.940310E-01,6.344994E+00,3.524997E-01,3.769123E+00
1024,18,12,6.249962E-02,1.046946E+00,4.597630E-01,8.197969E+00,4.554427E-01,3.769123E+00
1024,18,16,6.249972E-02,1.046976E+00,5.020330E-01,7.507720E+00,4.170955E-01,3.769123E+00
1024,18,18,6.249972E-02,1.046965E+00,4.384950E-01,8.595589E+00,4.775327E-01,3.769123E+00
1024,18,36,6.249972E-02,1.046972E+00,6.061070E-01,6.218577E+00,3.454765E-01,3.769123E+00
1024,36,1,6.249972E-02,1.046976E+00,1.922984E+00,1.960039E+00,5.444552E-02,3.769123E+00
1024,36,2,6.249972E-02,1.046976E+00,1.990987E+00,1.893093E+00,5.258591E-02,3.769123E+00
1024,36,3,6.249972E-02,1.046976E+00,2.090017E+00,1.803393E+00,5.009426E-02,3.769123E+00
1024,36,4,6.249972E-02,1.046976E+00,2.409155E+00,1.564500E+00,4.345833E-02,3.769123E+00
1024,36,6,6.249972E-02,1.046976E+00,2.500987E+00,1.507054E+00,4.186262E-02,3.769123E+00
1024,36,8,6.249972E-02,1.046976E+00,2.899632E+00,1.299863E+00,3.610729E-02,3.769123E+00
1024,36,12,6.249972E-02,1.046976E+00,3.363958E+00,1.120443E+00,3.112342E-02,3.769123E+00
1024,36,16,6.249972E-02,1.046976E+00,3.652006E+00,1.032069E+00,2.866859E-02,3.769123E+00
1024,36,18,6.249972E-02,1.046976E+00,3.791355E+00,9.941361E-01,2.761489E-02,3.769123E+00
1024,36,36,6.249972E-02,1.046976E+00,2.183397E+00,1.726266E+00,4.795182E-02,3.769123E+00
2048,1,2,6.249993E-02,1.047023E+00,8.322304E+00,1.933582E+00,1.933582E+00,1.609186E+01
2048,1,3,6.249974E-02,1.047023E+00,6.077839E+00,2.647628E+00,2.647628E+00,1.609186E+01
2048,1,4,6.249991E-02,1.047018E+00,4.799240E+00,3.353001E+00,3.353001E+00,1.609186E+01
2048,1,6,6.249993E-02,1.047013E+00,3.609060E+00,4.458739E+00,4.458739E+00,1.609186E+01
2048,1,8,6.249991E-02,1.047022E+00,3.003934E+00,5.356928E+00,5.356928E+00,1.609186E+01
2048,1,12,6.249993E-02,1.047023E+00,2.920647E+00,5.509689E+00,5.509689E+00,1.609186E+01
2048,1,16,6.249940E-02,1.047017E+00,2.767073E+00,5.815480E+00,5.815480E+00,1.609186E+01
2048,1,18,6.249960E-02,1.047018E+00,2.649363E+00,6.073859E+00,6.073859E+00,1.609186E+01
2048,1,36,6.249988E-02,1.047023E+00,2.837266E+00,5.671607E+00,5.671607E+00,1.609186E+01
2048,2,1,6.249993E-02,1.047023E+00,8.083879E+00,1.990611E+00,9.953055E-01,1.609186E+01
2048,2,2,6.249993E-02,1.047023E+00,4.522566E+00,3.558126E+00,1.779063E+00,1.609186E+01
2048,2,3,6.249991E-02,1.047022E+00,3.316318E+00,4.852327E+00,2.426163E+00,1.609186E+01
2048,2,4,6.249983E-02,1.047018E+00,2.715187E+00,5.926611E+00,2.963306E+00,1.609186E+01
2048,2,6,6.249983E-02,1.047018E+00,2.673958E+00,6.017992E+00,3.008996E+00,1.609186E+01
2048,2,8,6.249983E-02,1.047022E+00,2.398411E+00,6.709383E+00,3.354692E+00,1.609186E+01
2048,2,12,6.249981E-02,1.047017E+00,2.471151E+00,6.511888E+00,3.255944E+00,1.609186E+01
2048,2,16,6.249852E-02,1.047012E+00,2.348515E+00,6.851929E+00,3.425964E+00,1.609186E+01
2048,2,18,6.249962E-02,1.047017E+00,2.460624E+00,6.539747E+00,3.269873E+00,1.609186E+01
2048,2,36,6.249983E-02,1.047012E+00,2.488813E+00,6.465676E+00,3.232838E+00,1.609186E+01
2048,3,1,6.249993E-02,1.047023E+00,5.421920E+00,2.967926E+00,9.893087E-01,1.609186E+01
2048,3,2,6.249993E-02,1.047022E+00,3.053051E+00,5.270747E+00,1.756916E+00,1.609186E+01
2048,3,3,6.249988E-02,1.047022E+00,2.236417E+00,7.195375E+00,2.398458E+00,1.609186E+01
2048,3,4,6.249991E-02,1.047023E+00,1.827620E+00,8.804816E+00,2.934939E+00,1.609186E+01
2048,3,6,6.249962E-02,1.047017E+00,1.795322E+00,8.963216E+00,2.987739E+00,1.609186E+01
2048,3,8,6.249912E-02,1.047023E+00,1.837177E+00,8.759013E+00,2.919671E+00,1.609186E+01
2048,3,12,6.249993E-02,1.047018E+00,1.735066E+00,9.274493E+00,3.091498E+00,1.609186E+01
2048,3,16,6.249991E-02,1.047022E+00,1.741756E+00,9.238870E+00,3.079623E+00,1.609186E+01
2048,3,18,6.249993E-02,1.047022E+00,1.688869E+00,9.528186E+00,3.176062E+00,1.609186E+01
2048,3,36,6.249991E-02,1.047023E+00,1.786495E+00,9.007502E+00,3.002501E+00,1.609186E+01
2048,4,1,6.249993E-02,1.047023E+00,4.086658E+00,3.937657E+00,9.844143E-01,1.609186E+01
2048,4,2,6.249993E-02,1.047023E+00,2.343921E+00,6.865359E+00,1.716340E+00,1.609186E+01
2048,4,3,6.249991E-02,1.047018E+00,1.935235E+00,8.315196E+00,2.078799E+00,1.609186E+01
2048,4,4,6.249993E-02,1.047021E+00,1.375788E+00,1.169647E+01,2.924117E+00,1.609186E+01
2048,4,6,6.249974E-02,1.047012E+00,1.352779E+00,1.189541E+01,2.973852E+00,1.609186E+01
2048,4,8,6.249988E-02,1.047014E+00,1.389371E+00,1.158212E+01,2.895529E+00,1.609186E+01
2048,4,12,6.249960E-02,1.047021E+00,1.245413E+00,1.292090E+01,3.230225E+00,1.609186E+01
2048,4,16,6.249948E-02,1.047022E+00,1.288588E+00,1.248798E+01,3.121994E+00,1.609186E+01
2048,4,18,6.249981E-02,1.047004E+00,1.231541E+00,1.306644E+01,3.266610E+00,1.609186E+01
2048,4,36,6.249981E-02,1.047002E+00,1.442431E+00,1.115607E+01,2.789017E+00,1.609186E+01
2048,6,1,6.249993E-02,1.047023E+00,2.907883E+00,5.533874E+00,9.223123E-01,1.609186E+01
2048,6,2,6.249993E-02,1.047023E+00,1.746783E+00,9.212282E+00,1.535380E+00,1.609186E+01
2048,6,3,6.249993E-02,1.047023E+00,1.317993E+00,1.220937E+01,2.034894E+00,1.609186E+01
2048,6,4,6.249988E-02,1.047021E+00,1.429171E+00,1.125957E+01,1.876596E+00,1.609186E+01
2048,6,6,6.249983E-02,1.047022E+00,1.333191E+00,1.207018E+01,2.011697E+00,1.609186E+01
2048,6,8,6.249981E-02,1.047012E+00,1.224378E+00,1.314288E+01,2.190481E+00,1.609186E+01
2048,6,12,6.249988E-02,1.047023E+00,1.262491E+00,1.274612E+01,2.124353E+00,1.609186E+01
2048,6,16,6.249991E-02,1.047022E+00,1.301575E+00,1.236337E+01,2.060562E+00,1.609186E+01
2048,6,18,6.249960E-02,1.047018E+00,1.201137E+00,1.339719E+01,2.232865E+00,1.609186E+01
2048,6,36,6.249983E-02,1.047012E+00,1.330925E+00,1.209073E+01,2.015122E+00,1.609186E+01
2048,8,1,6.249993E-02,1.047023E+00,2.274370E+00,7.075303E+00,8.844129E-01,1.609186E+01
2048,8,2,6.249988E-02,1.047023E+00,1.560260E+00,1.031357E+01,1.289197E+00,1.609186E+01
2048,8,3,6.249988E-02,1.047023E+00,1.460027E+00,1.102162E+01,1.377702E+00,1.609186E+01
2048,8,4,6.249983E-02,1.047018E+00,1.322070E+00,1.217171E+01,1.521464E+00,1.609186E+01
2048,8,6,6.249993E-02,1.047022E+00,1.208810E+00,1.331215E+01,1.664019E+00,1.609186E+01
2048,8,8,6.249983E-02,1.047022E+00,1.242144E+00,1.295491E+01,1.619363E+00,1.609186E+01
2048,8,12,6.249991E-02,1.047022E+00,1.207916E+00,1.332200E+01,1.665250E+00,1.609186E+01
2048,8,16,6.249981E-02,1.047021E+00,1.202738E+00,1.337935E+01,1.672419E+00,1.609186E+01
2048,8,18,6.249948E-02,1.046944E+00,1.362754E+00,1.180834E+01,1.476042E+00,1.609186E+01
2048,8,36,6.249981E-02,1.047022E+00,1.260734E+00,1.276388E+01,1.595485E+00,1.609186E+01
2048,12,1,6.249993E-02,1.047023E+00,1.687190E+00,9.537668E+00,7.948057E-01,1.609186E+01
2048,12,2,6.249991E-02,1.047022E+00,1.404325E+00,1.145878E+01,9.548987E-01,1.609186E+01
2048,12,3,6.249974E-02,1.047023E+00,1.286582E+00,1.250745E+01,1.042287E+00,1.609186E+01
2048,12,4,6.249983E-02,1.047023E+00,1.241595E+00,1.296063E+01,1.080053E+00,1.609186E+01
2048,12,6,6.249993E-02,1.047023E+00,1.243878E+00,1.293685E+01,1.078070E+00,1.609186E+01
2048,12,8,6.249881E-02,1.047004E+00,1.338967E+00,1.201811E+01,1.001509E+00,1.609186E+01
2048,12,12,6.249991E-02,1.047022E+00,1.201442E+00,1.339379E+01,1.116149E+00,1.609186E+01
2048,12,16,6.249874E-02,1.046993E+00,1.254966E+00,1.282254E+01,1.068545E+00,1.609186E+01
2048,12,18,6.249991E-02,1.047022E+00,1.183742E+00,1.359406E+01,1.132838E+00,1.609186E+01
2048,12,36,6.249881E-02,1.047011E+00,1.224049E+00,1.314642E+01,1.095535E+00,1.609186E+01
2048,16,1,6.249993E-02,1.047023E+00,1.346877E+00,1.194753E+01,7.467208E-01,1.609186E+01
2048,16,2,6.249993E-02,1.047023E+00,1.360624E+00,1.182682E+01,7.391764E-01,1.609186E+01
2048,16,3,6.249991E-02,1.047022E+00,1.275247E+00,1.261862E+01,7.886638E-01,1.609186E+01
2048,16,4,6.249993E-02,1.047022E+00,1.238672E+00,1.299122E+01,8.119511E-01,1.609186E+01
2048,16,6,6.249983E-02,1.047022E+00,1.329868E+00,1.210034E+01,7.562714E-01,1.609186E+01
2048,16,8,6.249983E-02,1.047022E+00,1.389607E+00,1.158015E+01,7.237594E-01,1.609186E+01
2048,16,12,6.249983E-02,1.047018E+00,1.169491E+00,1.375971E+01,8.599819E-01,1.609186E+01
2048,16,16,6.249960E-02,1.047022E+00,1.202628E+00,1.338058E+01,8.362861E-01,1.609186E+01
2048,16,18,6.249993E-02,1.047023E+00,1.190650E+00,1.351519E+01,8.446992E-01,1.609186E+01
2048,16,36,6.249991E-02,1.047023E+00,1.196969E+00,1.344384E+01,8.402399E-01,1.609186E+01
2048,18,1,6.249993E-02,1.047023E+00,1.193774E+00,1.347982E+01,7.488789E-01,1.609186E+01
2048,18,2,6.249993E-02,1.047023E+00,1.284652E+00,1.252624E+01,6.959022E-01,1.609186E+01
2048,18,3,6.249993E-02,1.047023E+00,1.259452E+00,1.277687E+01,7.098263E-01,1.609186E+01
2048,18,4,6.249993E-02,1.047022E+00,1.286453E+00,1.250870E+01,6.949279E-01,1.609186E+01
2048,18,6,6.249993E-02,1.047021E+00,1.494031E+00,1.077077E+01,5.983759E-01,1.609186E+01
2048,18,8,6.249991E-02,1.047023E+00,1.434816E+00,1.121528E+01,6.230709E-01,1.609186E+01
2048,18,12,6.249983E-02,1.047023E+00,1.227586E+00,1.310854E+01,7.282521E-01,1.609186E+01
2048,18,16,6.249993E-02,1.047023E+00,1.189651E+00,1.352654E+01,7.514743E-01,1.609186E+01
2048,18,18,6.249993E-02,1.047023E+00,1.228753E+00,1.309609E+01,7.275605E-01,1.609186E+01
2048,18,36,6.249993E-02,1.047023E+00,1.416554E+00,1.135986E+01,6.311034E-01,1.609186E+01
2048,36,1,6.249993E-02,1.047023E+00,2.894332E+00,5.559783E+00,1.544384E-01,1.609186E+01
2048,36,2,6.249993E-02,1.047023E+00,3.033259E+00,5.305138E+00,1.473649E-01,1.609186E+01
2048,36,3,6.249993E-02,1.047023E+00,3.075292E+00,5.232628E+00,1.453508E-01,1.609186E+01
2048,36,4,6.249993E-02,1.047023E+00,3.200255E+00,5.028305E+00,1.396751E-01,1.609186E+01
2048,36,6,6.249993E-02,1.047023E+00,3.498988E+00,4.599003E+00,1.277501E-01,1.609186E+01
2048,36,8,6.249993E-02,1.047023E+00,3.740111E+00,4.302508E+00,1.195141E-01,1.609186E+01
2048,36,12,6.249993E-02,1.047023E+00,4.680056E+00,3.438390E+00,9.551083E-02,1.609186E+01
2048,36,16,6.249993E-02,1.047023E+00,4.692999E+00,3.428907E+00,9.524742E-02,1.609186E+01
2048,36,18,6.249993E-02,1.047023E+00,4.852111E+00,3.316465E+00,9.212404E-02,1.609186E+01
2048,36,36,6.249993E-02,1.047023E+00,3.681892E+00,4.370540E+00,1.214039E-01,1.609186E+01
4096,1,2,6.249998E-02,1.047047E+00,3.502267E+01,1.949663E+00,1.949663E+00,6.828239E+01
4096,1,3,6.249998E-02,1.047047E+00,2.532223E+01,2.696539E+00,2.696539E+00,6.828239E+01
4096,1,4,6.249998E-02,1.047046E+00,1.993195E+01,3.425776E+00,3.425776E+00,6.828239E+01
4096,1,6,6.249998E-02,1.047047E+00,1.477987E+01,4.619958E+00,4.619958E+00,6.828239E+01
4096,1,8,6.249967E-02,1.047046E+00,1.229373E+01,5.554245E+00,5.554245E+00,6.828239E+01
4096,1,12,6.249986E-02,1.047046E+00,1.123507E+01,6.077610E+00,6.077610E+00,6.828239E+01
4096,1,16,6.249987E-02,1.047046E+00,1.084067E+01,6.298726E+00,6.298726E+00,6.828239E+01
4096,1,18,6.249991E-02,1.047047E+00,1.053962E+01,6.478641E+00,6.478641E+00,6.828239E+01
4096,1,36,6.249995E-02,1.047044E+00,1.044387E+01,6.538037E+00,6.538037E+00,6.828239E+01
4096,2,1,6.249998E-02,1.047047E+00,3.509503E+01,1.945643E+00,9.728215E-01,6.828239E+01
4096,2,2,6.249998E-02,1.047047E+00,1.921904E+01,3.552852E+00,1.776426E+00,6.828239E+01
4096,2,3,6.249996E-02,1.047046E+00,1.413133E+01,4.831987E+00,2.415994E+00,6.828239E+01
4096,2,4,6.249997E-02,1.047046E+00,1.160093E+01,5.885942E+00,2.942971E+00,6.828239E+01
4096,2,6,6.249996E-02,1.047046E+00,1.018777E+01,6.702391E+00,3.351196E+00,6.828239E+01
4096,2,8,6.249998E-02,1.047046E+00,9.895726E+00,6.900190E+00,3.450095E+00,6.828239E+01
4096,2,12,6.249998E-02,1.047047E+00,9.711914E+00,7.030786E+00,3.515393E+00,6.828239E+01
4096,2,16,6.249998E-02,1.047047E+00,9.615500E+00,7.101284E+00,3.550642E+00,6.828239E+01
4096,2,18,6.249995E-02,1.047046E+00,9.574037E+00,7.132038E+00,3.566019E+00,6.828239E+01
4096,2,36,6.249995E-02,1.047044E+00,9.467338E+00,7.212417E+00,3.606209E+00,6.828239E+01
4096,3,1,6.249998E-02,1.047047E+00,2.289737E+01,2.982106E+00,9.940354E-01,6.828239E+01
4096,3,2,6.249998E-02,1.047047E+00,1.288695E+01,5.298568E+00,1.766189E+00,6.828239E+01
4096,3,3,6.249998E-02,1.047047E+00,9.272131E+00,7.364261E+00,2.454754E+00,6.828239E+01
4096,3,4,6.249998E-02,1.047047E+00,7.697744E+00,8.870442E+00,2.956814E+00,6.828239E+01
4096,3,6,6.249998E-02,1.047047E+00,7.161868E+00,9.534160E+00,3.178053E+00,6.828239E+01
4096,3,8,6.249994E-02,1.047047E+00,6.771827E+00,1.008330E+01,3.361101E+00,6.828239E+01
4096,3,12,6.249998E-02,1.047047E+00,6.366959E+00,1.072449E+01,3.574830E+00,6.828239E+01
4096,3,16,6.249997E-02,1.047024E+00,6.335387E+00,1.077794E+01,3.592645E+00,6.828239E+01
4096,3,18,6.249994E-02,1.047047E+00,6.385333E+00,1.069363E+01,3.564544E+00,6.828239E+01
4096,3,36,6.249956E-02,1.047047E+00,6.321197E+00,1.080213E+01,3.600710E+00,6.828239E+01
4096,4,1,6.249998E-02,1.047047E+00,1.724918E+01,3.958588E+00,9.896471E-01,6.828239E+01
4096,4,2,6.249998E-02,1.047046E+00,9.778357E+00,6.983013E+00,1.745753E+00,6.828239E+01
4096,4,3,6.249998E-02,1.047046E+00,7.064975E+00,9.664916E+00,2.416229E+00,6.828239E+01
4096,4,4,6.249998E-02,1.047047E+00,5.783633E+00,1.180614E+01,2.951535E+00,6.828239E+01
4096,4,6,6.249993E-02,1.047047E+00,5.469013E+00,1.248532E+01,3.121331E+00,6.828239E+01
4096,4,8,6.249998E-02,1.047047E+00,5.080688E+00,1.343960E+01,3.359899E+00,6.828239E+01
4096,4,12,6.249997E-02,1.047045E+00,4.969571E+00,1.374010E+01,3.435024E+00,6.828239E+01
4096,4,16,6.249997E-02,1.047044E+00,4.778406E+00,1.428978E+01,3.572446E+00,6.828239E+01
4096,4,18,6.249998E-02,1.047041E+00,4.857542E+00,1.405698E+01,3.514246E+00,6.828239E+01
4096,4,36,6.249997E-02,1.047047E+00,4.773449E+00,1.430462E+01,3.576156E+00,6.828239E+01
4096,6,1,6.249998E-02,1.047047E+00,1.264872E+01,5.398363E+00,8.997271E-01,6.828239E+01
4096,6,2,6.249998E-02,1.047047E+00,7.062396E+00,9.668446E+00,1.611408E+00,6.828239E+01
4096,6,3,6.249995E-02,1.047046E+00,5.125036E+00,1.332330E+01,2.220550E+00,6.828239E+01
4096,6,4,6.249998E-02,1.047044E+00,5.268713E+00,1.295998E+01,2.159996E+00,6.828239E+01
4096,6,6,6.249998E-02,1.047046E+00,4.865468E+00,1.403409E+01,2.339014E+00,6.828239E+01
4096,6,8,6.249996E-02,1.047044E+00,4.804660E+00,1.421170E+01,2.368617E+00,6.828239E+01
4096,6,12,6.249998E-02,1.047047E+00,4.728851E+00,1.443953E+01,2.406589E+00,6.828239E+01
4096,6,16,6.249995E-02,1.047046E+00,4.734141E+00,1.442340E+01,2.403899E+00,6.828239E+01
4096,6,18,6.249994E-02,1.047042E+00,4.628037E+00,1.475407E+01,2.459012E+00,6.828239E+01
4096,6,36,6.249998E-02,1.047047E+00,4.820536E+00,1.416490E+01,2.360816E+00,6.828239E+01
4096,8,1,6.249998E-02,1.047047E+00,9.607470E+00,7.107219E+00,8.884024E-01,6.828239E+01
4096,8,2,6.249998E-02,1.047047E+00,5.674458E+00,1.203329E+01,1.504161E+00,6.828239E+01
4096,8,3,6.249996E-02,1.047046E+00,5.156322E+00,1.324246E+01,1.655308E+00,6.828239E+01
4096,8,4,6.249996E-02,1.047046E+00,4.952309E+00,1.378799E+01,1.723499E+00,6.828239E+01
4096,8,6,6.249995E-02,1.047044E+00,4.778689E+00,1.428894E+01,1.786117E+00,6.828239E+01
4096,8,8,6.249995E-02,1.047046E+00,4.781255E+00,1.428127E+01,1.785159E+00,6.828239E+01
4096,8,12,6.249995E-02,1.047046E+00,4.667310E+00,1.462992E+01,1.828741E+00,6.828239E+01
4096,8,16,6.249971E-02,1.047036E+00,4.671396E+00,1.461713E+01,1.827141E+00,6.828239E+01
4096,8,18,6.249996E-02,1.047044E+00,4.772024E+00,1.430890E+01,1.788612E+00,6.828239E+01
4096,8,36,6.249995E-02,1.047044E+00,4.709965E+00,1.449743E+01,1.812179E+00,6.828239E+01
4096,12,1,6.249998E-02,1.047047E+00,6.964960E+00,9.803702E+00,8.169752E-01,6.828239E+01
4096,12,2,6.249998E-02,1.047047E+00,5.312300E+00,1.285364E+01,1.071137E+00,6.828239E+01
4096,12,3,6.249998E-02,1.047047E+00,4.927817E+00,1.385652E+01,1.154710E+00,6.828239E+01
4096,12,4,6.249998E-02,1.047046E+00,4.837195E+00,1.411611E+01,1.176343E+00,6.828239E+01
4096,12,6,6.249998E-02,1.047047E+00,4.765000E+00,1.432999E+01,1.194166E+00,6.828239E+01
4096,12,8,6.249998E-02,1.047046E+00,4.776592E+00,1.429521E+01,1.191268E+00,6.828239E+01
4096,12,12,6.249995E-02,1.047046E+00,4.627572E+00,1.475555E+01,1.229630E+00,6.828239E+01
4096,12,16,6.249998E-02,1.047047E+00,4.632495E+00,1.473987E+01,1.228323E+00,6.828239E+01
4096,12,18,6.249997E-02,1.047046E+00,4.660281E+00,1.465199E+01,1.220999E+00,6.828239E+01
4096,12,36,6.249991E-02,1.047046E+00,4.701528E+00,1.452345E+01,1.210287E+00,6.828239E+01
4096,16,1,6.249998E-02,1.047047E+00,5.606522E+00,1.217910E+01,7.611937E-01,6.828239E+01
4096,16,2,6.249998E-02,1.047047E+00,5.007946E+00,1.363481E+01,8.521756E-01,6.828239E+01
4096,16,3,6.249998E-02,1.047047E+00,4.785874E+00,1.426749E+01,8.917179E-01,6.828239E+01
4096,16,4,6.249995E-02,1.047047E+00,4.730230E+00,1.443532E+01,9.022076E-01,6.828239E+01
4096,16,6,6.249998E-02,1.047047E+00,4.785257E+00,1.426933E+01,8.918329E-01,6.828239E+01
4096,16,8,6.249998E-02,1.047047E+00,4.885314E+00,1.397707E+01,8.735671E-01,6.828239E+01
4096,16,12,6.249995E-02,1.047047E+00,4.629011E+00,1.475097E+01,9.219355E-01,6.828239E+01
4096,16,16,6.249994E-02,1.047047E+00,4.768144E+00,1.432054E+01,8.950337E-01,6.828239E+01
4096,16,18,6.249996E-02,1.047047E+00,4.721173E+00,1.446301E+01,9.039384E-01,6.828239E+01
4096,16,36,6.249991E-02,1.047047E+00,4.805668E+00,1.420872E+01,8.880450E-01,6.828239E+01
4096,18,1,6.249998E-02,1.047047E+00,5.087793E+00,1.342083E+01,7.456015E-01,6.828239E+01
4096,18,2,6.249998E-02,1.047047E+00,4.794286E+00,1.424245E+01,7.912474E-01,6.828239E+01
4096,18,3,6.249998E-02,1.047047E+00,4.742400E+00,1.439828E+01,7.999043E-01,6.828239E+01
4096,18,4,6.249997E-02,1.047047E+00,4.702668E+00,1.451993E+01,8.066626E-01,6.828239E+01
4096,18,6,6.249997E-02,1.047047E+00,4.803351E+00,1.421557E+01,7.897541E-01,6.828239E+01
4096,18,8,6.249998E-02,1.047047E+00,4.886949E+00,1.397240E+01,7.762443E-01,6.828239E+01
4096,18,12,6.249998E-02,1.047047E+00,4.639652E+00,1.471714E+01,8.176187E-01,6.828239E+01
4096,18,16,6.249980E-02,1.047047E+00,4.719015E+00,1.446963E+01,8.038682E-01,6.828239E+01
4096,18,18,6.249977E-02,1.047044E+00,4.708934E+00,1.450061E+01,8.055892E-01,6.828239E+01
4096,18,36,6.249997E-02,1.047047E+00,4.722396E+00,1.445927E+01,8.032927E-01,6.828239E+01
4096,36,1,6.249998E-02,1.047047E+00,7.362070E+00,9.274890E+00,2.576358E-01,6.828239E+01
4096,36,2,6.249978E-02,1.047047E+00,7.243025E+00,9.427331E+00,2.618703E-01,6.828239E+01
4096,36,3,6.249996E-02,1.047047E+00,7.520317E+00,9.079723E+00,2.522145E-01,6.828239E+01
4096,36,4,6.249998E-02,1.047047E+00,7.615341E+00,8.966426E+00,2.490674E-01,6.828239E+01
4096,36,6,6.249998E-02,1.047047E+00,7.345381E+00,9.295963E+00,2.582212E-01,6.828239E+01
4096,36,8,6.249998E-02,1.047047E+00,7.784832E+00,8.771209E+00,2.436447E-01,6.828239E+01
4096,36,12,6.249998E-02,1.047047E+00,8.035015E+00,8.498104E+00,2.360584E-01,6.828239E+01
4096,36,16,6.249998E-02,1.047047E+00,9.309933E+00,7.334359E+00,2.037322E-01,6.828239E+01
4096,36,18,6.249998E-02,1.047047E+00,8.890620E+00,7.680273E+00,2.133409E-01,6.828239E+01
4096,36,36,6.249998E-02,1.047047E+00,8.144481E+00,8.383885E+00,2.328857E-01,6.828239E+01
8192,1,2,6.249999E-02,1.047059E+00,1.511155E+02,1.915249E+00,1.915249E+00,2.894238E+02
8192,1,3,6.250000E-02,1.047059E+00,1.065435E+02,2.716484E+00,2.716484E+00,2.894238E+02
8192,1,4,6.249999E-02,1.047059E+00,8.395520E+01,3.447360E+00,3.447360E+00,2.894238E+02
8192,1,6,6.249999E-02,1.047059E+00,6.176771E+01,4.685681E+00,4.685681E+00,2.894238E+02
8192,1,8,6.250000E-02,1.047059E+00,5.143906E+01,5.626537E+00,5.626537E+00,2.894238E+02
8192,1,12,6.249999E-02,1.047058E+00,4.441870E+01,6.515811E+00,6.515811E+00,2.894238E+02
8192,1,16,6.249993E-02,1.047058E+00,4.374457E+01,6.616223E+00,6.616223E+00,2.894238E+02
8192,1,18,6.249992E-02,1.047058E+00,4.341540E+01,6.666386E+00,6.666386E+00,2.894238E+02
8192,1,36,6.249999E-02,1.047059E+00,4.234808E+01,6.834403E+00,6.834403E+00,2.894238E+02
8192,2,1,6.250000E-02,1.047059E+00,1.495450E+02,1.935363E+00,9.676813E-01,2.894238E+02
8192,2,2,6.249999E-02,1.047059E+00,8.135598E+01,3.557499E+00,1.778749E+00,2.894238E+02
8192,2,3,6.250000E-02,1.047058E+00,5.931466E+01,4.879465E+00,2.439732E+00,2.894238E+02
8192,2,4,6.250000E-02,1.047059E+00,4.866009E+01,5.947869E+00,2.973934E+00,2.894238E+02
8192,2,6,6.249999E-02,1.047059E+00,4.157662E+01,6.961215E+00,3.480608E+00,2.894238E+02
8192,2,8,6.249995E-02,1.047059E+00,4.067807E+01,7.114984E+00,3.557492E+00,2.894238E+02
8192,2,12,6.249998E-02,1.047058E+00,3.993634E+01,7.247129E+00,3.623564E+00,2.894238E+02
8192,2,16,6.249999E-02,1.047059E+00,3.989773E+01,7.254141E+00,3.627071E+00,2.894238E+02
8192,2,18,6.249999E-02,1.047059E+00,3.986964E+01,7.259253E+00,3.629626E+00,2.894238E+02
8192,2,36,6.249999E-02,1.047058E+00,3.987885E+01,7.257576E+00,3.628788E+00,2.894238E+02
8192,3,1,6.250000E-02,1.047059E+00,9.708787E+01,2.981050E+00,9.936834E-01,2.894238E+02
8192,3,2,6.250000E-02,1.047059E+00,5.431680E+01,5.328440E+00,1.776147E+00,2.894238E+02
8192,3,3,6.249999E-02,1.047059E+00,3.919526E+01,7.384154E+00,2.461385E+00,2.894238E+02
8192,3,4,6.250000E-02,1.047059E+00,3.229521E+01,8.961819E+00,2.987273E+00,2.894238E+02
8192,3,6,6.249999E-02,1.047059E+00,2.747338E+01,1.053470E+01,3.511567E+00,2.894238E+02
8192,3,8,6.250000E-02,1.047059E+00,2.683680E+01,1.078459E+01,3.594862E+00,2.894238E+02
8192,3,12,6.249999E-02,1.047056E+00,2.680331E+01,1.079806E+01,3.599354E+00,2.894238E+02
8192,3,16,6.249999E-02,1.047059E+00,2.652702E+01,1.091053E+01,3.636843E+00,2.894238E+02
8192,3,18,6.249999E-02,1.047059E+00,2.640924E+01,1.095919E+01,3.653062E+00,2.894238E+02
8192,3,36,6.249994E-02,1.047058E+00,2.618068E+01,1.105486E+01,3.684954E+00,2.894238E+02
8192,4,1,6.250000E-02,1.047059E+00,7.337032E+01,3.944699E+00,9.861747E-01,2.894238E+02
8192,4,2,6.250000E-02,1.047059E+00,4.088019E+01,7.079807E+00,1.769952E+00,2.894238E+02
8192,4,3,6.250000E-02,1.047059E+00,3.001104E+01,9.643910E+00,2.410978E+00,2.894238E+02
8192,4,4,6.249999E-02,1.047059E+00,2.414209E+01,1.198835E+01,2.997088E+00,2.894238E+02
8192,4,6,6.249999E-02,1.047059E+00,2.081458E+01,1.390486E+01,3.476215E+00,2.894238E+02
8192,4,8,6.249999E-02,1.047059E+00,2.066829E+01,1.400328E+01,3.500819E+00,2.894238E+02
8192,4,12,6.249999E-02,1.047059E+00,2.007061E+01,1.442028E+01,3.605070E+00,2.894238E+02
8192,4,16,6.249995E-02,1.047059E+00,1.990774E+01,1.453825E+01,3.634564E+00,2.894238E+02
8192,4,18,6.249999E-02,1.047058E+00,1.987246E+01,1.456406E+01,3.641016E+00,2.894238E+02
8192,4,36,6.249997E-02,1.047059E+00,1.990220E+01,1.454230E+01,3.635576E+00,2.894238E+02
8192,6,1,6.250000E-02,1.047059E+00,5.213929E+01,5.550973E+00,9.251622E-01,2.894238E+02
8192,6,2,6.249999E-02,1.047059E+00,2.926483E+01,9.889818E+00,1.648303E+00,2.894238E+02
8192,6,3,6.249999E-02,1.047059E+00,2.126971E+01,1.360732E+01,2.267887E+00,2.894238E+02
8192,6,4,6.249999E-02,1.047059E+00,2.092854E+01,1.382914E+01,2.304857E+00,2.894238E+02
8192,6,6,6.249999E-02,1.047059E+00,1.976726E+01,1.464157E+01,2.440262E+00,2.894238E+02
8192,6,8,6.249996E-02,1.047058E+00,1.976448E+01,1.464363E+01,2.440605E+00,2.894238E+02
8192,6,12,6.249999E-02,1.047059E+00,1.949327E+01,1.484737E+01,2.474562E+00,2.894238E+02
8192,6,16,6.249999E-02,1.047059E+00,1.944639E+01,1.488316E+01,2.480527E+00,2.894238E+02
8192,6,18,6.249998E-02,1.047058E+00,1.942224E+01,1.490167E+01,2.483612E+00,2.894238E+02
8192,6,36,6.249999E-02,1.047059E+00,1.945649E+01,1.487544E+01,2.479240E+00,2.894238E+02
8192,8,1,6.250000E-02,1.047059E+00,4.053371E+01,7.140324E+00,8.925405E-01,2.894238E+02
8192,8,2,6.249999E-02,1.047059E+00,2.437857E+01,1.187206E+01,1.484008E+00,2.894238E+02
8192,8,3,6.249999E-02,1.047059E+00,2.039167E+01,1.419324E+01,1.774155E+00,2.894238E+02
8192,8,4,6.249999E-02,1.047059E+00,2.005012E+01,1.443502E+01,1.804377E+00,2.894238E+02
8192,8,6,6.249999E-02,1.047059E+00,1.961392E+01,1.475604E+01,1.844505E+00,2.894238E+02
8192,8,8,6.250000E-02,1.047059E+00,1.961221E+01,1.475733E+01,1.844666E+00,2.894238E+02
8192,8,12,6.249999E-02,1.047059E+00,1.920502E+01,1.507021E+01,1.883777E+00,2.894238E+02
8192,8,16,6.249999E-02,1.047058E+00,1.917474E+01,1.509401E+01,1.886751E+00,2.894238E+02
8192,8,18,6.250000E-02,1.047059E+00,1.923210E+01,1.504900E+01,1.881125E+00,2.894238E+02
8192,8,36,6.250000E-02,1.047059E+00,1.941212E+01,1.490944E+01,1.863680E+00,2.894238E+02
8192,12,1,6.250000E-02,1.047059E+00,2.904078E+01,9.966117E+00,8.305097E-01,2.894238E+02
8192,12,2,6.249999E-02,1.047059E+00,2.041924E+01,1.417408E+01,1.181173E+00,2.894238E+02
8192,12,3,6.250000E-02,1.047059E+00,1.955647E+01,1.479939E+01,1.233282E+00,2.894238E+02
8192,12,4,6.250000E-02,1.047059E+00,1.956319E+01,1.479431E+01,1.232859E+00,2.894238E+02
8192,12,6,6.249999E-02,1.047058E+00,1.938307E+01,1.493178E+01,1.244315E+00,2.894238E+02
8192,12,8,6.250000E-02,1.047059E+00,1.926268E+01,1.502511E+01,1.252092E+00,2.894238E+02
8192,12,12,6.249999E-02,1.047058E+00,1.918759E+01,1.508391E+01,1.256992E+00,2.894238E+02
8192,12,16,6.249999E-02,1.047058E+00,1.916929E+01,1.509831E+01,1.258192E+00,2.894238E+02
8192,12,18,6.249999E-02,1.047058E+00,1.914386E+01,1.511836E+01,1.259863E+00,2.894238E+02
8192,12,36,6.249999E-02,1.047059E+00,1.931492E+01,1.498447E+01,1.248706E+00,2.894238E+02
8192,16,1,6.250000E-02,1.047059E+00,2.362967E+01,1.224832E+01,7.655201E-01,2.894238E+02
8192,16,2,6.249999E-02,1.047059E+00,1.977981E+01,1.463229E+01,9.145179E-01,2.894238E+02
8192,16,3,6.250000E-02,1.047058E+00,1.954790E+01,1.480588E+01,9.253674E-01,2.894238E+02
8192,16,4,6.249999E-02,1.047059E+00,1.932976E+01,1.497297E+01,9.358104E-01,2.894238E+02
8192,16,6,6.249998E-02,1.047059E+00,1.921063E+01,1.506582E+01,9.416135E-01,2.894238E+02
8192,16,8,6.249999E-02,1.047059E+00,1.947267E+01,1.486308E+01,9.289422E-01,2.894238E+02
8192,16,12,6.249999E-02,1.047059E+00,1.933596E+01,1.496816E+01,9.355100E-01,2.894238E+02
8192,16,16,6.250000E-02,1.047058E+00,1.926313E+01,1.502475E+01,9.390470E-01,2.894238E+02
8192,16,18,6.250000E-02,1.047058E+00,1.933332E+01,1.497021E+01,9.356382E-01,2.894238E+02
8192,16,36,6.250000E-02,1.047058E+00,1.936472E+01,1.494593E+01,9.341209E-01,2.894238E+02
8192,18,1,6.250000E-02,1.047059E+00,2.115576E+01,1.368062E+01,7.600342E-01,2.894238E+02
8192,18,2,6.250000E-02,1.047059E+00,1.965006E+01,1.472890E+01,8.182724E-01,2.894238E+02
8192,18,3,6.250000E-02,1.047059E+00,1.959012E+01,1.477397E+01,8.207762E-01,2.894238E+02
8192,18,4,6.249999E-02,1.047059E+00,1.933680E+01,1.496751E+01,8.315284E-01,2.894238E+02
8192,18,6,6.249999E-02,1.047059E+00,1.928244E+01,1.500971E+01,8.338727E-01,2.894238E+02
8192,18,8,6.250000E-02,1.047059E+00,1.958710E+01,1.477625E+01,8.209027E-01,2.894238E+02
8192,18,12,6.249999E-02,1.047059E+00,1.922600E+01,1.505377E+01,8.363207E-01,2.894238E+02
8192,18,16,6.249999E-02,1.047059E+00,1.925406E+01,1.503183E+01,8.351017E-01,2.894238E+02
8192,18,18,6.249999E-02,1.047059E+00,1.927117E+01,1.501848E+01,8.343602E-01,2.894238E+02
8192,18,36,6.249997E-02,1.047058E+00,1.963176E+01,1.474263E+01,8.190352E-01,2.894238E+02
8192,36,1,6.250000E-02,1.047059E+00,2.518001E+01,1.149419E+01,3.192830E-01,2.894238E+02
8192,36,2,6.250000E-02,1.047059E+00,2.405856E+01,1.202997E+01,3.341659E-01,2.894238E+02
8192,36,3,6.250000E-02,1.047059E+00,2.364913E+01,1.223824E+01,3.399512E-01,2.894238E+02
8192,36,4,6.250000E-02,1.047059E+00,2.457340E+01,1.177793E+01,3.271648E-01,2.894238E+02
8192,36,6,6.249999E-02,1.047059E+00,2.437710E+01,1.187278E+01,3.297993E-01,2.894238E+02
8192,36,8,6.249999E-02,1.047059E+00,2.447929E+01,1.182321E+01,3.284226E-01,2.894238E+02
8192,36,12,6.249999E-02,1.047059E+00,2.491233E+01,1.161769E+01,3.227136E-01,2.894238E+02
8192,36,16,6.250000E-02,1.047059E+00,2.526117E+01,1.145726E+01,3.182572E-01,2.894238E+02
8192,36,18,6.250000E-02,1.047059E+00,2.524293E+01,1.146554E+01,3.184871E-01,2.894238E+02
8192,36,36,6.250000E-02,1.047059E+00,2.413618E+01,1.199128E+01,3.330912E-01,2.894238E+02
16384,1,3,6.250000E-02,1.047065E+00,4.513381E+02,2.734970E+00,2.734970E+00,1.234396E+03
16384,1,4,6.250000E-02,1.047065E+00,3.525459E+02,3.501377E+00,3.501377E+00,1.234396E+03
16384,1,6,6.250000E-02,1.047065E+00,2.618778E+02,4.713633E+00,4.713633E+00,1.234396E+03
16384,1,8,6.249999E-02,1.047064E+00,2.162602E+02,5.707922E+00,5.707922E+00,1.234396E+03
16384,1,12,6.249999E-02,1.047065E+00,1.826216E+02,6.759312E+00,6.759312E+00,1.234396E+03
16384,1,16,6.250000E-02,1.047065E+00,1.807954E+02,6.827587E+00,6.827587E+00,1.234396E+03
16384,1,18,6.250000E-02,1.047064E+00,1.794205E+02,6.879904E+00,6.879904E+00,1.234396E+03
16384,1,36,6.250000E-02,1.047064E+00,1.781071E+02,6.930640E+00,6.930640E+00,1.234396E+03
16384,2,3,6.250000E-02,1.047065E+00,2.497960E+02,4.941616E+00,2.470808E+00,1.234396E+03
16384,2,4,6.250000E-02,1.047065E+00,2.046475E+02,6.031817E+00,3.015908E+00,1.234396E+03
16384,2,6,6.250000E-02,1.047065E+00,1.694662E+02,7.284026E+00,3.642013E+00,1.234396E+03
16384,2,8,6.250000E-02,1.047065E+00,1.682405E+02,7.337094E+00,3.668547E+00,1.234396E+03
16384,2,12,6.250000E-02,1.047065E+00,1.662488E+02,7.424994E+00,3.712497E+00,1.234396E+03
16384,2,16,6.250000E-02,1.047065E+00,1.666739E+02,7.406056E+00,3.703028E+00,1.234396E+03
16384,2,18,6.250000E-02,1.047065E+00,1.665005E+02,7.413768E+00,3.706884E+00,1.234396E+03
16384,2,36,6.249999E-02,1.047065E+00,1.701407E+02,7.255147E+00,3.627574E+00,1.234396E+03
16384,3,1,6.250000E-02,1.047065E+00,4.101163E+02,3.009868E+00,1.003289E+00,1.234396E+03
16384,3,2,6.250000E-02,1.047065E+00,2.292667E+02,5.384107E+00,1.794702E+00,1.234396E+03
16384,3,3,6.250000E-02,1.047065E+00,1.680879E+02,7.343753E+00,2.447918E+00,1.234396E+03
16384,3,4,6.250000E-02,1.047065E+00,1.357516E+02,9.093052E+00,3.031017E+00,1.234396E+03
16384,3,6,6.250000E-02,1.047065E+00,1.115991E+02,1.106099E+01,3.686997E+00,1.234396E+03
16384,3,8,6.250000E-02,1.047065E+00,1.114462E+02,1.107616E+01,3.692053E+00,1.234396E+03
16384,3,12,6.249999E-02,1.047065E+00,1.101884E+02,1.120259E+01,3.734197E+00,1.234396E+03
16384,3,16,6.250000E-02,1.047065E+00,1.106536E+02,1.115550E+01,3.718500E+00,1.234396E+03
16384,3,18,6.249999E-02,1.047065E+00,1.101892E+02,1.120252E+01,3.734172E+00,1.234396E+03
16384,3,36,6.249999E-02,1.047063E+00,1.116067E+02,1.106023E+01,3.686744E+00,1.234396E+03
16384,4,1,6.250000E-02,1.047065E+00,3.098582E+02,3.983745E+00,9.959364E-01,1.234396E+03
16384,4,2,6.250000E-02,1.047065E+00,1.726326E+02,7.150424E+00,1.787606E+00,1.234396E+03
16384,4,3,6.250000E-02,1.047065E+00,1.256258E+02,9.825974E+00,2.456494E+00,1.234396E+03
16384,4,4,6.250000E-02,1.047064E+00,1.026484E+02,1.202548E+01,3.006371E+00,1.234396E+03
16384,4,6,6.250000E-02,1.047065E+00,8.596563E+01,1.435918E+01,3.589796E+00,1.234396E+03
16384,4,8,6.250000E-02,1.047065E+00,8.426880E+01,1.464832E+01,3.662080E+00,1.234396E+03
16384,4,12,6.250000E-02,1.047065E+00,8.339342E+01,1.480208E+01,3.700520E+00,1.234396E+03
16384,4,16,6.250000E-02,1.047065E+00,8.309011E+01,1.485611E+01,3.714029E+00,1.234396E+03
16384,4,18,6.249998E-02,1.047065E+00,8.275263E+01,1.491670E+01,3.729175E+00,1.234396E+03
16384,4,36,6.250000E-02,1.047065E+00,8.502583E+01,1.451790E+01,3.629474E+00,1.234396E+03
16384,6,1,6.250000E-02,1.047065E+00,2.231216E+02,5.532391E+00,9.220651E-01,1.234396E+03
16384,6,2,6.250000E-02,1.047065E+00,1.234256E+02,1.000113E+01,1.666855E+00,1.234396E+03
16384,6,3,6.250000E-02,1.047065E+00,8.969922E+01,1.376150E+01,2.293584E+00,1.234396E+03
16384,6,4,6.250000E-02,1.047065E+00,8.466096E+01,1.458047E+01,2.430078E+00,1.234396E+03
16384,6,6,6.250000E-02,1.047065E+00,8.228461E+01,1.500154E+01,2.500257E+00,1.234396E+03
16384,6,8,6.250000E-02,1.047064E+00,8.260592E+01,1.494319E+01,2.490532E+00,1.234396E+03
16384,6,12,6.250000E-02,1.047065E+00,8.169797E+01,1.510926E+01,2.518211E+00,1.234396E+03
16384,6,16,6.250000E-02,1.047065E+00,8.143007E+01,1.515897E+01,2.526495E+00,1.234396E+03
16384,6,18,6.250000E-02,1.047065E+00,8.204688E+01,1.504501E+01,2.507502E+00,1.234396E+03
16384,6,36,6.250000E-02,1.047065E+00,8.235896E+01,1.498800E+01,2.498000E+00,1.234396E+03
16384,8,1,6.250000E-02,1.047065E+00,1.713539E+02,7.203783E+00,9.004729E-01,1.234396E+03
16384,8,2,6.250000E-02,1.047065E+00,1.004620E+02,1.228720E+01,1.535900E+00,1.234396E+03
16384,8,3,6.250000E-02,1.047065E+00,8.349203E+01,1.478460E+01,1.848075E+00,1.234396E+03
16384,8,4,6.250000E-02,1.047065E+00,8.409465E+01,1.467865E+01,1.834832E+00,1.234396E+03
16384,8,6,6.250000E-02,1.047065E+00,8.197463E+01,1.505827E+01,1.882284E+00,1.234396E+03
16384,8,8,6.250000E-02,1.047065E+00,8.136942E+01,1.517027E+01,1.896284E+00,1.234396E+03
16384,8,12,6.250000E-02,1.047065E+00,8.164719E+01,1.511866E+01,1.889833E+00,1.234396E+03
16384,8,16,6.250000E-02,1.047065E+00,8.169506E+01,1.510980E+01,1.888725E+00,1.234396E+03
16384,8,18,6.250000E-02,1.047065E+00,8.305660E+01,1.486211E+01,1.857764E+00,1.234396E+03
16384,8,36,6.249999E-02,1.047064E+00,8.243915E+01,1.497342E+01,1.871678E+00,1.234396E+03
16384,12,1,6.250000E-02,1.047065E+00,1.224497E+02,1.008084E+01,8.400703E-01,1.234396E+03
16384,12,2,6.250000E-02,1.047065E+00,8.270281E+01,1.492569E+01,1.243807E+00,1.234396E+03
16384,12,3,6.250000E-02,1.047065E+00,8.133267E+01,1.517713E+01,1.264760E+00,1.234396E+03
16384,12,4,6.250000E-02,1.047065E+00,8.102680E+01,1.523442E+01,1.269535E+00,1.234396E+03
16384,12,6,6.249999E-02,1.047065E+00,8.074038E+01,1.528846E+01,1.274038E+00,1.234396E+03
16384,12,8,6.250000E-02,1.047064E+00,8.082208E+01,1.527301E+01,1.272751E+00,1.234396E+03
16384,12,12,6.250000E-02,1.047065E+00,8.188962E+01,1.507390E+01,1.256159E+00,1.234396E+03
16384,12,16,6.250000E-02,1.047065E+00,8.136191E+01,1.517167E+01,1.264306E+00,1.234396E+03
16384,12,18,6.250000E-02,1.047065E+00,8.132784E+01,1.517803E+01,1.264836E+00,1.234396E+03
16384,12,36,6.249999E-02,1.047065E+00,8.195609E+01,1.506168E+01,1.255140E+00,1.234396E+03
16384,16,1,6.250000E-02,1.047065E+00,1.008676E+02,1.223778E+01,7.648614E-01,1.234396E+03
16384,16,2,6.250000E-02,1.047065E+00,8.203839E+01,1.504657E+01,9.404105E-01,1.234396E+03
16384,16,3,6.250000E-02,1.047065E+00,8.113079E+01,1.521489E+01,9.509307E-01,1.234396E+03
16384,16,4,6.250000E-02,1.047065E+00,8.097006E+01,1.524509E+01,9.528184E-01,1.234396E+03
16384,16,6,6.250000E-02,1.047065E+00,8.062879E+01,1.530962E+01,9.568513E-01,1.234396E+03
16384,16,8,6.250000E-02,1.047065E+00,8.125901E+01,1.519088E+01,9.494302E-01,1.234396E+03
16384,16,12,6.250000E-02,1.047065E+00,8.122097E+01,1.519800E+01,9.498749E-01,1.234396E+03
16384,16,16,6.249999E-02,1.047065E+00,8.109748E+01,1.522114E+01,9.513213E-01,1.234396E+03
16384,16,18,6.250000E-02,1.047065E+00,8.118576E+01,1.520459E+01,9.502868E-01,1.234396E+03
16384,16,36,6.250000E-02,1.047065E+00,8.136371E+01,1.517134E+01,9.482085E-01,1.234396E+03
16384,18,1,6.250000E-02,1.047065E+00,8.846797E+01,1.395303E+01,7.751682E-01,1.234396E+03
16384,18,2,6.250000E-02,1.047065E+00,8.185069E+01,1.508107E+01,8.378373E-01,1.234396E+03
16384,18,3,6.250000E-02,1.047065E+00,8.101876E+01,1.523593E+01,8.464405E-01,1.234396E+03
16384,18,4,6.250000E-02,1.047065E+00,8.071016E+01,1.529419E+01,8.496770E-01,1.234396E+03
16384,18,6,6.249999E-02,1.047064E+00,8.083423E+01,1.527071E+01,8.483729E-01,1.234396E+03
16384,18,8,6.250000E-02,1.047065E+00,8.231705E+01,1.499563E+01,8.330906E-01,1.234396E+03
16384,18,12,6.250000E-02,1.047065E+00,8.132662E+01,1.517825E+01,8.432364E-01,1.234396E+03
16384,18,16,6.250000E-02,1.047065E+00,8.177712E+01,1.509464E+01,8.385911E-01,1.234396E+03
16384,18,18,6.250000E-02,1.047065E+00,8.185820E+01,1.507969E+01,8.377605E-01,1.234396E+03
16384,18,36,6.249999E-02,1.047065E+00,8.191704E+01,1.506886E+01,8.371587E-01,1.234396E+03
16384,36,1,6.250000E-02,1.047065E+00,9.934101E+01,1.242585E+01,3.451624E-01,1.234396E+03
16384,36,2,6.249999E-02,1.047065E+00,9.193111E+01,1.342740E+01,3.729835E-01,1.234396E+03
16384,36,3,6.250000E-02,1.047065E+00,9.304805E+01,1.326622E+01,3.685062E-01,1.234396E+03
16384,36,4,6.250000E-02,1.047065E+00,9.408648E+01,1.311980E+01,3.644390E-01,1.234396E+03
16384,36,6,6.250000E-02,1.047065E+00,9.296022E+01,1.327876E+01,3.688544E-01,1.234396E+03
16384,36,8,6.250000E-02,1.047065E+00,9.271957E+01,1.331322E+01,3.698117E-01,1.234396E+03
16384,36,12,6.250000E-02,1.047065E+00,9.453403E+01,1.305769E+01,3.627137E-01,1.234396E+03
16384,36,16,6.250000E-02,1.047065E+00,9.443221E+01,1.307177E+01,3.631047E-01,1.234396E+03
16384,36,18,6.250000E-02,1.047065E+00,9.486615E+01,1.301198E+01,3.614438E-01,1.234396E+03
16384,36,36,6.250000E-02,1.047064E+00,9.230404E+01,1.337315E+01,3.714765E-01,1.234396E+03