12,12,6.249972e-02,1.046976e+00,0.308656,1024
16,12,6.249962e-02,1.046976e+00,0.300796,1024
18,12,6.249962e-02,1.046946e+00,0.459763,1024
1,12,6.249962e-02,1.046961e+00,0.748364,1024
2,12,6.249924e-02,1.046957e+00,0.630197,1024
36,12,6.249972e-02,1.046976e+00,3.363958,1024
3,12,6.249953e-02,1.046965e+00,0.487576,1024
4,12,6.249790e-02,1.046916e+00,0.383562,1024
6,12,6.249867e-02,1.046960e+00,0.366130,1024
8,12,6.249962e-02,1.046855e+00,0.325903,1024
12,16,6.249972e-02,1.046976e+00,0.296897,1024
16,16,6.249972e-02,1.046972e+00,0.441661,1024
18,16,6.249972e-02,1.046976e+00,0.502033,1024
1,16,6.249189e-02,1.046972e+00,0.646458,1024
2,16,6.249953e-02,1.046971e+00,0.579301,1024
36,16,6.249972e-02,1.046976e+00,3.652006,1024
3,16,6.249962e-02,1.046972e+00,0.515347,1024
4,16,6.249705e-02,1.046972e+00,0.375128,1024
6,16,6.249972e-02,1.046976e+00,0.348430,1024
8,16,6.249962e-02,1.046972e+00,0.347888,1024
12,18,6.249962e-02,1.046971e+00,0.314805,1024
16,18,6.249953e-02,1.046972e+00,0.440391,1024
18,18,6.249972e-02,1.046965e+00,0.438495,1024
1,18,6.249895e-02,1.046972e+00,0.677173,1024
2,18,6.249905e-02,1.046971e+00,0.595460,1024
36,18,6.249972e-02,1.046976e+00,3.791355,1024
3,18,6.249962e-02,1.046972e+00,0.550345,1024
4,18,6.249790e-02,1.046897e+00,0.355363,1024
6,18,6.249962e-02,1.046976e+00,0.419343,1024
8,18,6.249953e-02,1.046916e+00,0.322733,1024
12,1,6.249972e-02,1.046976e+00,0.424419,1024
16,1,6.249972e-02,1.046976e+00,0.337890,1024
18,1,6.249972e-02,1.046976e+00,0.301851,1024
1,1,6.249972e-02,1.046976e+00,3.755379,1024
2,1,6.249972e-02,1.046976e+00,1.911731,1024
36,1,6.249972e-02,1.046976e+00,1.922984,1024
3,1,6.249972e-02,1.046976e+00,1.285818,1024
4,1,6.249972e-02,1.046976e+00,0.971136,1024
6,1,6.249972e-02,1.046976e+00,0.773450,1024
8,1,6.249972e-02,1.046976e+00,0.556256,1024
12,2,6.249962e-02,1.046976e+00,0.350773,1024
16,2,6.249962e-02,1.046976e+00,0.367596,1024
18,2,6.249972e-02,1.046976e+00,0.491763,1024
1,2,6.249972e-02,1.046976e+00,1.936605,1024
2,2,6.249962e-02,1.046976e+00,1.119932,1024
36,2,6.249972e-02,1.046976e+00,1.990987,1024
3,2,6.249972e-02,1.046976e+00,0.749361,1024
4,2,6.249972e-02,1.046971e+00,0.663466,1024
6,2,6.249972e-02,1.046971e+00,0.523644,1024
8,2,6.249972e-02,1.046971e+00,0.442982,1024
12,36,6.249972e-02,1.046976e+00,0.374165,1024
16,36,6.249962e-02,1.046976e+00,0.512463,1024
18,36,6.249972e-02,1.046972e+00,0.606107,1024
1,36,6.249924e-02,1.046972e+00,0.709447,1024
2,36,6.249181e-02,1.046879e+00,0.723254,1024
36,36,6.249972e-02,1.046976e+00,2.183397,1024
3,36,6.249962e-02,1.046961e+00,0.537934,1024
4,36,6.249924e-02,1.046971e+00,0.460132,1024
6,36,6.249972e-02,1.046976e+00,0.369405,1024
8,36,6.249972e-02,1.046976e+00,0.318784,1024
12,3,6.249972e-02,1.046976e+00,0.378162,1024
16,3,6.249972e-02,1.046976e+00,0.376656,1024
18,3,6.249972e-02,1.046976e+00,0.387994,1024
1,3,6.249934e-02,1.046976e+00,1.425669,1024
2,3,6.249962e-02,1.046911e+00,0.805219,1024
36,3,6.249972e-02,1.046976e+00,2.090017,1024
3,3,6.249962e-02,1.046976e+00,0.645560,1024
4,3,6.249905e-02,1.046976e+00,0.530230,1024
6,3,6.249972e-02,1.046933e+00,0.489320,1024
8,3,6.249962e-02,1.046957e+00,0.430501,1024
12,4,6.249972e-02,1.046976e+00,0.373799,1024
16,4,6.249962e-02,1.046976e+00,0.422541,1024
18,4,6.249972e-02,1.046976e+00,0.432758,1024
1,4,6.249934e-02,1.046976e+00,1.127351,1024
2,4,6.249934e-02,1.046965e+00,0.746434,1024
36,4,6.249972e-02,1.046976e+00,2.409155,1024
3,4,6.249962e-02,1.046971e+00,0.462889,1024
4,4,6.249934e-02,1.046957e+00,0.449112,1024
6,4,6.249924e-02,1.046932e+00,0.434897,1024
8,4,6.249972e-02,1.046972e+00,0.360211,1024
12,6,6.249962e-02,1.046976e+00,0.421326,1024
16,6,6.249962e-02,1.046961e+00,0.481522,1024
18,6,6.249972e-02,1.046976e+00,0.539147,1024
1,6,6.249972e-02,1.046965e+00,0.869344,1024
2,6,6.249953e-02,1.046965e+00,0.670551,1024
36,6,6.249972e-02,1.046976e+00,2.500987,1024
3,6,6.249848e-02,1.046965e+00,0.570034,1024
4,6,6.249953e-02,1.046972e+00,0.390966,1024
6,6,6.249810e-02,1.046971e+00,0.379429,1024
8,6,6.249972e-02,1.046972e+00,0.370310,1024
12,8,6.249972e-02,1.046972e+00,0.473513,1024
16,8,6.249972e-02,1.046976e+00,0.545828,1024
18,8,6.249972e-02,1.046976e+00,0.594031,1024
1,8,6.249790e-02,1.046933e+00,0.697907,1024
2,8,6.249972e-02,1.046976e+00,0.623129,1024
36,8,6.249972e-02,1.046976e+00,2.899632,1024
3,8,6.249962e-02,1.046961e+00,0.550942,1024
4,8,6.249962e-02,1.046976e+00,0.372446,1024
6,8,6.249972e-02,1.046912e+00,0.376858,1024
8,8,6.249953e-02,1.046946e+00,0.414133,1024
12,12,6.135241e-02,1.038974e+00,0.041756,16
16,12,6.135241e-02,1.038974e+00,0.074469,16
18,12,6.135241e-02,1.038974e+00,0.041996,16
1,12,6.135241e-02,1.038974e+00,0.001422,16
2,12,6.096363e-02,1.038974e+00,0.001164,16
36,12,6.135241e-02,1.038974e+00,1.328161,16
3,12,6.096363e-02,1.038974e+00,0.001049,16
4,12,6.135241e-02,1.038974e+00,0.011074,16
6,12,6.135241e-02,1.038974e+00,0.013889,16
8,12,6.135241e-02,1.038974e+00,0.011205,16
12,16,6.135241e-02,1.038974e+00,0.030569,16
16,16,6.135241e-02,1.038974e+00,0.051257,16
18,16,6.135241e-02,1.038974e+00,0.143800,16
1,16,6.135241e-02,1.019947e+00,0.001517,16
2,16,6.135241e-02,1.038974e+00,0.001295,16
36,16,6.135241e-02,1.038974e+00,1.902806,16
3,16,6.135241e-02,1.038974e+00,0.001329,16
4,16,6.135241e-02,1.038974e+00,0.001405,16
6,16,6.135241e-02,1.038974e+00,0.002175,16
8,16,6.135241e-02,1.038974e+00,0.039271,16
12,18,6.135241e-02,1.038974e+00,0.050872,16
16,18,6.135241e-02,1.038974e+00,0.121839,16
18,18,6.135241e-02,1.038974e+00,0.119203,16
1,18,6.057981e-02,1.038974e+00,0.001564,16
2,18,6.135241e-02,1.038974e+00,0.001427,16
36,18,6.135241e-02,1.038974e+00,2.032711,16
3,18,6.135241e-02,1.038974e+00,0.001413,16
4,18,6.135241e-02,1.038974e+00,0.001477,16
6,18,6.135241e-02,1.038974e+00,0.002472,16
8,18,6.135241e-02,1.038974e+00,0.018436,16
12,1,6.135241e-02,1.038974e+00,0.000410,16
16,1,6.135241e-02,1.038974e+00,0.000410,16
18,1,6.135241e-02,1.038974e+00,0.000503,16
1,1,6.135241e-02,1.038974e+00,0.000974,16
2,1,6.135241e-02,1.038974e+00,0.000690,16
36,1,6.135241e-02,1.038974e+00,0.187990,16
3,1,6.135241e-02,1.038974e+00,0.000534,16
4,1,6.135241e-02,1.038974e+00,0.000557,16
6,1,6.135241e-02,1.038974e+00,0.000433,16
8,1,6.135241e-02,1.038974e+00,0.000364,16
12,2,6.135241e-02,1.038974e+00,0.011334,16
16,2,6.135241e-02,1.038974e+00,0.029210,16
18,2,6.135241e-02,1.038974e+00,0.085920,16
1,2,6.135241e-02,1.019947e+00,0.000728,16
2,2,6.096363e-02,1.038974e+00,0.000606,16
36,2,6.135241e-02,1.038974e+00,0.192200,16
3,2,6.135241e-02,1.038974e+00,0.000472,16
4,2,6.135241e-02,1.038974e+00,0.000545,16
6,2,6.135241e-02,1.019947e+00,0.000663,16
8,2,6.135241e-02,1.038974e+00,0.018108,16
12,36,6.135241e-02,1.038974e+00,0.071810,16
16,36,6.135241e-02,1.038974e+00,0.101097,16
18,36,6.135241e-02,1.038974e+00,0.076837,16
1,36,6.135241e-02,1.018340e+00,0.002392,16
2,36,6.135241e-02,1.038974e+00,0.002513,16
36,36,6.135241e-02,1.038974e+00,0.228033,16
3,36,6.096363e-02,1.038974e+00,0.002566,16
4,36,6.135241e-02,1.038974e+00,0.002569,16
6,36,6.135241e-02,1.038974e+00,0.019475,16
8,36,6.135241e-02,1.038974e+00,0.048971,16
12,12,6.250000e-02,1.047065e+00,81.889621,16384
16,12,6.250000e-02,1.047065e+00,81.220971,16384
18,12,6.250000e-02,1.047065e+00,81.326622,16384
1,12,6.249999e-02,1.047065e+00,182.621576,16384
2,12,6.250000e-02,1.047065e+00,166.248771,16384
36,12,6.250000e-02,1.047065e+00,94.534026,16384
3,12,6.249999e-02,1.047065e+00,110.188437,16384
4,12,6.250000e-02,1.047065e+00,83.393422,16384
6,12,6.250000e-02,1.047065e+00,81.697965,16384
8,12,6.250000e-02,1.047065e+00,81.647190,16384
12,16,6.250000e-02,1.047065e+00,81.361906,16384
16,16,6.249999e-02,1.047065e+00,81.097483,16384
18,16,6.250000e-02,1.047065e+00,81.777117,16384
1,16,6.250000e-02,1.047065e+00,180.795374,16384
2,16,6.250000e-02,1.047065e+00,166.673880,16384
36,16,6.250000e-02,1.047065e+00,94.432206,16384
3,16,6.250000e-02,1.047065e+00,110.653580,16384
4,16,6.250000e-02,1.047065e+00,83.090107,16384
6,16,6.250000e-02,1.047065e+00,81.430065,16384
8,16,6.250000e-02,1.047065e+00,81.695062,16384
12,18,6.250000e-02,1.047065e+00,81.327839,16384
16,18,6.250000e-02,1.047065e+00,81.185762,16384
18,18,6.250000e-02,1.047065e+00,81.858200,16384
1,18,6.250000e-02,1.047064e+00,179.420546,16384
2,18,6.250000e-02,1.047065e+00,166.500505,16384
36,18,6.250000e-02,1.047065e+00,94.866148,16384
3,18,6.249999e-02,1.047065e+00,110.189175,16384
4,18,6.249998e-02,1.047065e+00,82.752633,16384
6,18,6.250000e-02,1.047065e+00,82.046881,16384
8,18,6.250000e-02,1.047065e+00,83.056598,16384
12,1,6.250000e-02,1.047065e+00,122.449690,16384
16,1,6.250000e-02,1.047065e+00,100.867638,16384
18,1,6.250000e-02,1.047065e+00,88.467974,16384
36,1,6.250000e-02,1.047065e+00,99.341014,16384
3,1,6.250000e-02,1.047065e+00,410.116347,16384
4,1,6.250000e-02,1.047065e+00,309.858192,16384
6,1,6.250000e-02,1.047065e+00,223.121646,16384
8,1,6.250000e-02,1.047065e+00,171.353869,16384
12,2,6.250000e-02,1.047065e+00,82.702814,16384
16,2,6.250000e-02,1.047065e+00,82.038388,16384
18,2,6.250000e-02,1.047065e+00,81.850691,16384
36,2,6.249999e-02,1.047065e+00,91.931106,16384
3,2,6.250000e-02,1.047065e+00,229.266665,16384
4,2,6.250000e-02,1.047065e+00,172.632579,16384
6,2,6.250000e-02,1.047065e+00,123.425642,16384
8,2,6.250000e-02,1.047065e+00,100.461958,16384
12,36,6.249999e-02,1.047065e+00,81.956087,16384
16,36,6.250000e-02,1.047065e+00,81.363705,16384
18,36,6.249999e-02,1.047065e+00,81.917040,16384
1,36,6.250000e-02,1.047064e+00,178.107095,16384
2,36,6.249999e-02,1.047065e+00,170.140745,16384
36,36,6.250000e-02,1.047064e+00,92.304036,16384
3,36,6.249999e-02,1.047063e+00,111.606702,16384
4,36,6.250000e-02,1.047065e+00,85.025832,16384
6,36,6.250000e-02,1.047065e+00,82.358964,16384
8,36,6.249999e-02,1.047064e+00,82.439145,16384
12,3,6.250000e-02,1.047065e+00,81.332673,16384
16,3,6.250000e-02,1.047065e+00,81.130793,16384
18,3,6.250000e-02,1.047065e+00,81.018762,16384
1,3,6.250000e-02,1.047065e+00,451.338100,16384
2,3,6.250000e-02,1.047065e+00,249.796031,16384
36,3,6.250000e-02,1.047065e+00,93.048050,16384
3,3,6.250000e-02,1.047065e+00,168.087923,16384
4,3,6.250000e-02,1.047065e+00,125.625828,16384
6,3,6.250000e-02,1.047065e+00,89.699218,16384
8,3,6.250000e-02,1.047065e+00,83.492028,16384
12,4,6.250000e-02,1.047065e+00,81.026801,16384
16,4,6.250000e-02,1.047065e+00,80.970056,16384
18,4,6.250000e-02,1.047065e+00,80.710158,16384
1,4,6.250000e-02,1.047065e+00,352.545899,16384
2,4,6.250000e-02,1.047065e+00,204.647496,16384
36,4,6.250000e-02,1.047065e+00,94.086477,16384
3,4,6.250000e-02,1.047065e+00,135.751572,16384
4,4,6.250000e-02,1.047064e+00,102.648371,16384
6,4,6.250000e-02,1.047065e+00,84.660957,16384
8,4,6.250000e-02,1.047065e+00,84.094645,16384
12,6,6.249999e-02,1.047065e+00,80.740376,16384
16,6,6.250000e-02,1.047065e+00,80.628788,16384
18,6,6.249999e-02,1.047064e+00,80.834227,16384
1,6,6.250000e-02,1.047065e+00,261.877842,16384
2,6,6.250000e-02,1.047065e+00,169.466194,16384
36,6,6.250000e-02,1.047065e+00,92.960219,16384
3,6,6.250000e-02,1.047065e+00,111.599055,16384
4,6,6.250000e-02,1.047065e+00,85.965631,16384
6,6,6.250000e-02,1.047065e+00,82.284608,16384
8,6,6.250000e-02,1.047065e+00,81.974634,16384
12,8,6.250000e-02,1.047064e+00,80.822079,16384
16,8,6.250000e-02,1.047065e+00,81.259013,16384
18,8,6.250000e-02,1.047065e+00,82.317053,16384
1,8,6.249999e-02,1.047064e+00,216.260151,16384
2,8,6.250000e-02,1.047065e+00,168.240463,16384
36,8,6.250000e-02,1.047065e+00,92.719571,16384
3,8,6.250000e-02,1.047065e+00,111.446233,16384
4,8,6.250000e-02,1.047065e+00,84.268798,16384
6,8,6.250000e-02,1.047064e+00,82.605923,16384
8,8,6.250000e-02,1.047065e+00,81.369415,16384
12,3,6.135241e-02,1.038974e+00,0.072052,16
16,3,6.135241e-02,1.038974e+00,0.087564,16
18,3,6.135241e-02,1.038974e+00,0.107918,16
1,3,6.135241e-02,1.019947e+00,0.001156,16
2,3,6.096363e-02,1.019947e+00,0.001332,16
36,3,6.135241e-02,1.038974e+00,0.335052,16
3,3,6.096363e-02,1.038974e+00,0.000885,16
4,3,6.135241e-02,1.038974e+00,0.001006,16
6,3,6.135241e-02,1.038974e+00,0.006973,16
8,3,6.135241e-02,1.038974e+00,0.014446,16
12,4,6.135241e-02,1.038974e+00,0.085352,16
16,4,6.135241e-02,1.038974e+00,0.131682,16
18,4,6.135241e-02,1.038974e+00,0.182492,16
1,4,6.096363e-02,1.019947e+00,0.001004,16
2,4,6.135241e-02,1.038974e+00,0.000492,16
36,4,6.135241e-02,1.038974e+00,0.454996,16
3,4,6.096363e-02,1.018340e+00,0.000691,16
4,4,6.135241e-02,1.038974e+00,0.001292,16
6,4,6.135241e-02,1.038974e+00,0.016672,16
8,4,6.096363e-02,1.038974e+00,0.042988,16
12,6,6.135241e-02,1.038974e+00,0.163065,16
16,6,6.135241e-02,1.038974e+00,0.274203,16
18,6,6.135241e-02,1.038974e+00,0.251938,16
1,6,6.096363e-02,1.038974e+00,0.001028,16
2,6,6.096363e-02,1.038974e+00,0.014312,16
36,6,6.135241e-02,1.038974e+00,0.722988,16
3,6,6.135241e-02,9.713771e-01,0.053280,16
4,6,6.096363e-02,1.019947e+00,0.040705,16
6,6,6.135241e-02,1.038974e+00,0.064609,16
8,6,6.096363e-02,1.038974e+00,0.101753,16
12,8,6.135241e-02,1.038974e+00,0.215013,16
16,8,6.135241e-02,1.038974e+00,0.302134,16
18,8,6.135241e-02,1.038974e+00,0.343493,16
1,8,6.096363e-02,1.019947e+00,0.000977,16
2,8,5.981858e-02,9.620297e-01,0.019724,16
36,8,6.135241e-02,1.038974e+00,0.949240,16
3,8,6.057981e-02,1.019947e+00,0.030820,16
4,8,6.096363e-02,9.713771e-01,0.044569,16
6,8,6.135241e-02,1.038974e+00,0.113530,16
8,8,6.135241e-02,1.038974e+00,0.144169,16
12,12,6.249991e-02,1.047022e+00,1.201442,2048
16,12,6.249983e-02,1.047018e+00,1.169491,2048
18,12,6.249983e-02,1.047023e+00,1.227586,2048
1,12,6.249993e-02,1.047023e+00,2.920647,2048
2,12,6.249981e-02,1.047017e+00,2.471151,2048
36,12,6.249993e-02,1.047023e+00,4.680056,2048
3,12,6.249993e-02,1.047018e+00,1.735066,2048
4,12,6.249960e-02,1.047021e+00,1.245413,2048
6,12,6.249988e-02,1.047023e+00,1.262491,2048
8,12,6.249991e-02,1.047022e+00,1.207916,2048
12,16,6.249874e-02,1.046993e+00,1.254966,2048
16,16,6.249960e-02,1.047022e+00,1.202628,2048
18,16,6.249993e-02,1.047023e+00,1.189651,2048
1,16,6.249940e-02,1.047017e+00,2.767073,2048
2,16,6.249852e-02,1.047012e+00,2.348515,2048
36,16,6.249993e-02,1.047023e+00,4.692999,2048
3,16,6.249991e-02,1.047022e+00,1.741756,2048
4,16,6.249948e-02,1.047022e+00,1.288588,2048
6,16,6.249991e-02,1.047022e+00,1.301575,2048
8,16,6.249981e-02,1.047021e+00,1.202738,2048
12,18,6.249991e-02,1.047022e+00,1.183742,2048
16,18,6.249993e-02,1.047023e+00,1.190650,2048
18,18,6.249993e-02,1.047023e+00,1.228753,2048
1,18,6.249960e-02,1.047018e+00,2.649363,2048
2,18,6.249962e-02,1.047017e+00,2.460624,2048
36,18,6.249993e-02,1.047023e+00,4.852111,2048
3,18,6.249993e-02,1.047022e+00,1.688869,2048
4,18,6.249981e-02,1.047004e+00,1.231541,2048
6,18,6.249960e-02,1.047018e+00,1.201137,2048
8,18,6.249948e-02,1.046944e+00,1.362754,2048
12,1,6.249993e-02,1.047023e+00,1.687190,2048
16,1,6.249993e-02,1.047023e+00,1.346877,2048
18,1,6.249993e-02,1.047023e+00,1.193774,2048
1,1,6.249993e-02,1.047023e+00,16.072405,2048
2,1,6.249993e-02,1.047023e+00,8.083879,2048
36,1,6.249993e-02,1.047023e+00,2.894332,2048
3,1,6.249993e-02,1.047023e+00,5.421920,2048
4,1,6.249993e-02,1.047023e+00,4.086658,2048
6,1,6.249993e-02,1.047023e+00,2.907883,2048
8,1,6.249993e-02,1.047023e+00,2.274370,2048
12,2,6.249991e-02,1.047022e+00,1.404325,2048
16,2,6.249993e-02,1.047023e+00,1.360624,2048
18,2,6.249993e-02,1.047023e+00,1.284652,2048
1,2,6.249993e-02,1.047023e+00,8.322304,2048
2,2,6.249993e-02,1.047023e+00,4.522566,2048
36,2,6.249993e-02,1.047023e+00,3.033259,2048
3,2,6.249993e-02,1.047022e+00,3.053051,2048
4,2,6.249993e-02,1.047023e+00,2.343921,2048
6,2,6.249993e-02,1.047023e+00,1.746783,2048
8,2,6.249988e-02,1.047023e+00,1.560260,2048
12,36,6.249881e-02,1.047011e+00,1.224049,2048
16,36,6.249991e-02,1.047023e+00,1.196969,2048
18,36,6.249993e-02,1.047023e+00,1.416554,2048
1,36,6.249988e-02,1.047023e+00,2.837266,2048
2,36,6.249983e-02,1.047012e+00,2.488813,2048
36,36,6.249993e-02,1.047023e+00,3.681892,2048
3,36,6.249991e-02,1.047023e+00,1.786495,2048
4,36,6.249981e-02,1.047002e+00,1.442431,2048
6,36,6.249983e-02,1.047012e+00,1.330925,2048
8,36,6.249981e-02,1.047022e+00,1.260734,2048
12,3,6.249974e-02,1.047023e+00,1.286582,2048
16,3,6.249991e-02,1.047022e+00,1.275247,2048
18,3,6.249993e-02,1.047023e+00,1.259452,2048
1,3,6.249974e-02,1.047023e+00,6.077839,2048
2,3,6.249991e-02,1.047022e+00,3.316318,2048
36,3,6.249993e-02,1.047023e+00,3.075292,2048
3,3,6.249988e-02,1.047022e+00,2.236417,2048
4,3,6.249991e-02,1.047018e+00,1.935235,2048
6,3,6.249993e-02,1.047023e+00,1.317993,2048
8,3,6.249988e-02,1.047023e+00,1.460027,2048
12,4,6.249983e-02,1.047023e+00,1.241595,2048
16,4,6.249993e-02,1.047022e+00,1.238672,2048
18,4,6.249993e-02,1.047022e+00,1.286453,2048
1,4,6.249991e-02,1.047018e+00,4.799240,2048
2,4,6.249983e-02,1.047018e+00,2.715187,2048
36,4,6.249993e-02,1.047023e+00,3.200255,2048
3,4,6.249991e-02,1.047023e+00,1.827620,2048
4,4,6.249993e-02,1.047021e+00,1.375788,2048
6,4,6.249988e-02,1.047021e+00,1.429171,2048
8,4,6.249983e-02,1.047018e+00,1.322070,2048
12,6,6.249993e-02,1.047023e+00,1.243878,2048
16,6,6.249983e-02,1.047022e+00,1.329868,2048
18,6,6.249993e-02,1.047021e+00,1.494031,2048
1,6,6.249993e-02,1.047013e+00,3.609060,2048
2,6,6.249983e-02,1.047018e+00,2.673958,2048
36,6,6.249993e-02,1.047023e+00,3.498988,2048
3,6,6.249962e-02,1.047017e+00,1.795322,2048
4,6,6.249974e-02,1.047012e+00,1.352779,2048
6,6,6.249983e-02,1.047022e+00,1.333191,2048
8,6,6.249993e-02,1.047022e+00,1.208810,2048
12,8,6.249881e-02,1.047004e+00,1.338967,2048
16,8,6.249983e-02,1.047022e+00,1.389607,2048
18,8,6.249991e-02,1.047023e+00,1.434816,2048
1,8,6.249991e-02,1.047022e+00,3.003934,2048
2,8,6.249983e-02,1.047022e+00,2.398411,2048
36,8,6.249993e-02,1.047023e+00,3.740111,2048
3,8,6.249912e-02,1.047023e+00,1.837177,2048
4,8,6.249988e-02,1.047014e+00,1.389371,2048
6,8,6.249981e-02,1.047012e+00,1.224378,2048
8,8,6.249983e-02,1.047022e+00,1.242144,2048
12,12,6.249397e-02,1.046681e+00,0.057759,256
16,12,6.249550e-02,1.046681e+00,0.082497,256
18,12,6.249550e-02,1.046681e+00,0.082988,256
1,12,6.240999e-02,1.046599e+00,0.075084,256
2,12,6.248941e-02,1.045989e+00,0.052082,256
36,12,6.249550e-02,1.046681e+00,1.687657,256
3,12,6.249550e-02,1.046606e+00,0.041647,256
4,12,6.249397e-02,1.046681e+00,0.036748,256
6,12,6.249550e-02,1.046681e+00,0.033494,256
8,12,6.248941e-02,1.046376e+00,0.044392,256
12,16,6.248941e-02,1.046170e+00,0.063816,256
16,16,6.249550e-02,1.046681e+00,0.044628,256
18,16,6.249550e-02,1.046681e+00,0.131226,256
1,16,6.249397e-02,1.046408e+00,0.068076,256
2,16,6.249550e-02,1.046681e+00,0.060551,256
36,16,6.249550e-02,1.046606e+00,2.413636,256
3,16,6.249397e-02,1.046681e+00,0.044551,256
4,16,6.248941e-02,1.045966e+00,0.035262,256
6,16,6.246960e-02,1.046681e+00,0.033934,256
8,16,6.248941e-02,1.046681e+00,0.034626,256
12,18,6.248327e-02,1.046681e+00,0.064349,256
16,18,6.249550e-02,1.046681e+00,0.120963,256
18,18,6.248787e-02,1.046681e+00,0.149721,256
1,18,6.248787e-02,1.046376e+00,0.061421,256
2,18,6.248332e-02,1.046376e+00,0.057824,256
36,18,6.249550e-02,1.046681e+00,2.524469,256
3,18,6.248327e-02,1.046606e+00,0.055900,256
4,18,6.248480e-02,1.046681e+00,0.037477,256
6,18,6.245731e-02,1.046261e+00,0.035791,256
8,18,6.249550e-02,1.046681e+00,0.037988,256
12,1,6.249550e-02,1.046681e+00,0.039914,256
16,1,6.249550e-02,1.046681e+00,0.030563,256
18,1,6.249550e-02,1.046681e+00,0.027725,256
1,1,6.249550e-02,1.046681e+00,0.223370,256
2,1,6.249550e-02,1.046681e+00,0.120485,256
36,1,6.249550e-02,1.046681e+00,0.584019,256
3,1,6.249550e-02,1.046681e+00,0.107973,256
4,1,6.249550e-02,1.046681e+00,0.081978,256
6,1,6.249550e-02,1.046681e+00,0.057791,256
8,1,6.249550e-02,1.046681e+00,0.050352,256
12,2,6.249397e-02,1.046681e+00,0.045972,256
16,2,6.249550e-02,1.046681e+00,0.076739,256
18,2,6.249550e-02,1.046606e+00,0.101965,256
1,2,6.249397e-02,1.046681e+00,0.138493,256
2,2,6.249397e-02,1.046606e+00,0.098075,256
36,2,6.249550e-02,1.046606e+00,0.629593,256
3,2,6.249550e-02,1.046681e+00,0.070590,256
4,2,6.249550e-02,1.046681e+00,0.056303,256
6,2,6.249550e-02,1.046681e+00,0.058962,256
8,2,6.249550e-02,1.046606e+00,0.046884,256
12,36,6.249397e-02,1.046376e+00,0.063209,256
16,36,6.249243e-02,1.046606e+00,0.110604,256
18,36,6.249550e-02,1.046681e+00,0.114636,256
1,36,6.248941e-02,1.046681e+00,0.059007,256
2,36,6.249550e-02,1.046681e+00,0.061627,256
36,36,6.249550e-02,1.046681e+00,0.630818,256
3,36,6.248787e-02,1.046681e+00,0.042778,256
4,36,6.249397e-02,1.046606e+00,0.038259,256
6,36,6.249397e-02,1.046681e+00,0.037441,256
8,36,6.249550e-02,1.046681e+00,0.040649,256
12,3,6.249397e-02,1.046681e+00,0.074314,256
16,3,6.249397e-02,1.046606e+00,0.105028,256
18,3,6.249550e-02,1.046681e+00,0.139385,256
1,3,6.249550e-02,1.046179e+00,0.107200,256
2,3,6.249397e-02,1.046606e+00,0.071194,256
36,3,6.249550e-02,1.046681e+00,0.752378,256
3,3,6.249397e-02,1.046376e+00,0.055654,256
4,3,6.249550e-02,1.046681e+00,0.043075,256
6,3,6.249397e-02,1.046606e+00,0.030680,256
8,3,6.249397e-02,1.046681e+00,0.062124,256
12,4,6.249397e-02,1.046606e+00,0.108479,256
16,4,6.249550e-02,1.046606e+00,0.190841,256
18,4,6.249550e-02,1.046681e+00,0.219665,256
1,4,6.249550e-02,1.046681e+00,0.101074,256
2,4,6.249243e-02,1.046681e+00,0.057191,256
36,4,6.249550e-02,1.046681e+00,0.823667,256
3,4,6.249397e-02,1.046606e+00,0.041047,256
4,4,6.249550e-02,1.046681e+00,0.034803,256
6,4,6.249550e-02,1.046606e+00,0.048526,256
8,4,6.248787e-02,1.046606e+00,0.057485,256
12,6,6.249397e-02,1.046681e+00,0.175188,256
16,6,6.249550e-02,1.046681e+00,0.240988,256
18,6,6.249550e-02,1.046681e+00,0.325366,256
1,6,6.247871e-02,1.046681e+00,0.074049,256
2,6,6.248332e-02,1.046261e+00,0.079354,256
36,6,6.249550e-02,1.046681e+00,1.073458,256
3,6,6.249397e-02,1.046681e+00,0.062476,256
4,6,6.248941e-02,1.046681e+00,0.062341,256
6,6,6.249550e-02,1.046681e+00,0.093432,256
8,6,6.249550e-02,1.046681e+00,0.114612,256
12,8,6.249550e-02,1.046681e+00,0.238373,256
16,8,6.249550e-02,1.046681e+00,0.320145,256
18,8,6.249550e-02,1.046681e+00,0.375066,256
1,8,6.249243e-02,1.046187e+00,0.060428,256
2,8,6.248787e-02,1.045446e+00,0.101925,256
36,8,6.249550e-02,1.046681e+00,1.299334,256
3,8,6.249243e-02,1.046681e+00,0.074677,256
4,8,6.248332e-02,1.046606e+00,0.069937,256
6,8,6.249550e-02,1.046681e+00,0.121675,256
8,8,6.249550e-02,1.046681e+00,0.160864,256
12,12,6.221244e-02,1.043379e+00,0.040956,32
16,12,6.221244e-02,1.043379e+00,0.065369,32
18,12,6.221244e-02,1.043379e+00,0.146839,32
1,12,6.211444e-02,1.043379e+00,0.002243,32
2,12,6.221244e-02,1.043379e+00,0.001685,32
36,12,6.221244e-02,1.043379e+00,1.696062,32
3,12,6.221244e-02,1.028262e+00,0.001529,32
4,12,6.221244e-02,1.038618e+00,0.001565,32
6,12,6.221244e-02,1.043379e+00,0.010998,32
8,12,6.221244e-02,1.043379e+00,0.015408,32
12,16,6.221244e-02,1.043379e+00,0.077654,32
16,16,6.221244e-02,1.043379e+00,0.096215,32
18,16,6.221244e-02,1.043379e+00,0.133968,32
1,16,6.211444e-02,1.043379e+00,0.002148,32
2,16,6.221244e-02,1.038172e+00,0.001886,32
36,16,6.221244e-02,1.043379e+00,2.434785,32
3,16,6.221244e-02,1.038618e+00,0.001795,32
4,16,6.221244e-02,1.043379e+00,0.001777,32
6,16,6.221244e-02,1.043379e+00,0.001904,32
8,16,6.221244e-02,1.038618e+00,0.026951,32
12,18,6.221244e-02,1.043379e+00,0.041641,32
16,18,6.221244e-02,1.043379e+00,0.136977,32
18,18,6.221244e-02,1.043379e+00,0.194473,32
1,18,6.182407e-02,1.038172e+00,0.002249,32
2,18,6.211444e-02,1.043379e+00,0.021090,32
36,18,6.221244e-02,1.043379e+00,2.582879,32
3,18,6.211444e-02,1.038618e+00,0.001873,32
4,18,6.211444e-02,1.043379e+00,0.001952,32
6,18,6.221244e-02,1.043379e+00,0.011064,32
8,18,6.221244e-02,1.043379e+00,0.021038,32
12,1,6.221244e-02,1.043379e+00,0.000920,32
16,1,6.221244e-02,1.043379e+00,0.000811,32
18,1,6.221244e-02,1.043379e+00,0.000735,32
1,1,6.221244e-02,1.043379e+00,0.004797,32
2,1,6.221244e-02,1.043379e+00,0.002518,32
36,1,6.221244e-02,1.043379e+00,0.521995,32
3,1,6.221244e-02,1.043379e+00,0.001905,32
4,1,6.221244e-02,1.043379e+00,0.001462,32
6,1,6.221244e-02,1.043379e+00,0.000933,32
8,1,6.221244e-02,1.043379e+00,0.000796,32
12,2,6.221244e-02,1.043379e+00,0.016002,32
16,2,6.211444e-02,1.043379e+00,0.034297,32
18,2,6.211444e-02,1.043379e+00,0.053781,32
1,2,6.221244e-02,1.043379e+00,0.002659,32
2,2,6.221244e-02,1.043379e+00,0.002042,32
36,2,6.221244e-02,1.043379e+00,0.557893,32
3,2,6.221244e-02,1.043379e+00,0.002264,32
4,2,6.221244e-02,1.043379e+00,0.001734,32
6,2,6.211444e-02,1.043379e+00,0.004457,32
8,2,6.221244e-02,1.038618e+00,0.011784,32
12,36,6.221244e-02,1.043379e+00,0.080659,32
16,36,6.221244e-02,1.043379e+00,0.126435,32
18,36,6.221244e-02,1.043379e+00,0.107930,32
1,36,6.211444e-02,1.038172e+00,0.003066,32
2,36,6.221244e-02,1.038618e+00,0.011602,32
36,36,6.221244e-02,1.043379e+00,0.534417,32
3,36,6.211444e-02,1.038618e+00,0.002780,32
4,36,6.211444e-02,1.038618e+00,0.003061,32
6,36,6.221244e-02,1.043379e+00,0.003448,32
8,36,6.221244e-02,1.043379e+00,0.016109,32
12,3,6.211444e-02,1.043379e+00,0.033067,32
16,3,6.221244e-02,1.043379e+00,0.081664,32
18,3,6.221244e-02,1.043379e+00,0.113940,32
1,3,6.221244e-02,1.038618e+00,0.002681,32
2,3,6.221244e-02,1.038618e+00,0.001508,32
36,3,6.221244e-02,1.043379e+00,0.605120,32
3,3,6.221244e-02,1.038172e+00,0.001764,32
4,3,6.221244e-02,1.043379e+00,0.004694,32
6,3,6.211444e-02,1.043379e+00,0.007675,32
8,3,6.221244e-02,1.043379e+00,0.021137,32
12,4,6.211444e-02,1.038618e+00,0.073401,32
16,4,6.221244e-02,1.043379e+00,0.143478,32
18,4,6.221244e-02,1.043379e+00,0.159640,32
1,4,6.221244e-02,1.038618e+00,0.002344,32
2,4,6.221244e-02,1.038172e+00,0.001132,32
36,4,6.221244e-02,1.043379e+00,0.793000,32
3,4,6.221244e-02,1.038618e+00,0.000933,32
4,4,6.201675e-02,1.038618e+00,0.001193,32
6,4,6.211444e-02,1.043379e+00,0.016284,32
8,4,6.221244e-02,1.043379e+00,0.039553,32
12,6,6.221244e-02,1.038172e+00,0.169850,32
16,6,6.221244e-02,1.043379e+00,0.221417,32
18,6,6.221244e-02,1.043379e+00,0.324703,32
1,6,6.211444e-02,1.043379e+00,0.001832,32
2,6,6.201675e-02,1.043379e+00,0.013938,32
36,6,6.221244e-02,1.043379e+00,1.042624,32
3,6,6.221244e-02,1.043379e+00,0.012576,32
4,6,6.201675e-02,1.043379e+00,0.051445,32
6,6,6.201675e-02,1.038618e+00,0.062918,32
8,6,6.211444e-02,1.038618e+00,0.099840,32
12,8,6.221244e-02,1.043379e+00,0.217895,32
16,8,6.221244e-02,1.043379e+00,0.302305,32
18,8,6.221244e-02,1.043379e+00,0.359253,32
1,8,6.221244e-02,1.014873e+00,0.001618,32
2,8,6.211444e-02,9.997072e-01,0.037660,32
36,8,6.221244e-02,1.043379e+00,1.333181,32
3,8,6.172702e-02,1.038618e+00,0.027200,32
4,8,6.221244e-02,1.038172e+00,0.043382,32
6,8,6.211444e-02,1.028262e+00,0.090735,32
8,8,6.221244e-02,1.038172e+00,0.171729,32
12,12,6.249995e-02,1.047046e+00,4.627572,4096
16,12,6.249995e-02,1.047047e+00,4.629011,4096
18,12,6.249998e-02,1.047047e+00,4.639652,4096
1,12,6.249986e-02,1.047046e+00,11.235073,4096
2,12,6.249998e-02,1.047047e+00,9.711914,4096
36,12,6.249998e-02,1.047047e+00,8.035015,4096
3,12,6.249998e-02,1.047047e+00,6.366959,4096
4,12,6.249997e-02,1.047045e+00,4.969571,4096
6,12,6.249998e-02,1.047047e+00,4.728851,4096
8,12,6.249995e-02,1.047046e+00,4.667310,4096
12,16,6.249998e-02,1.047047e+00,4.632495,4096
16,16,6.249994e-02,1.047047e+00,4.768144,4096
18,16,6.249980e-02,1.047047e+00,4.719015,4096
1,16,6.249987e-02,1.047046e+00,10.840668,4096
2,16,6.249998e-02,1.047047e+00,9.615500,4096
36,16,6.249998e-02,1.047047e+00,9.309933,4096
3,16,6.249997e-02,1.047024e+00,6.335387,4096
4,16,6.249997e-02,1.047044e+00,4.778406,4096
6,16,6.249995e-02,1.047046e+00,4.734141,4096
8,16,6.249971e-02,1.047036e+00,4.671396,4096
12,18,6.249997e-02,1.047046e+00,4.660281,4096
16,18,6.249996e-02,1.047047e+00,4.721173,4096
18,18,6.249977e-02,1.047044e+00,4.708934,4096
1,18,6.249991e-02,1.047047e+00,10.539617,4096
2,18,6.249995e-02,1.047046e+00,9.574037,4096
36,18,6.249998e-02,1.047047e+00,8.890620,4096
3,18,6.249994e-02,1.047047e+00,6.385333,4096
4,18,6.249998e-02,1.047041e+00,4.857542,4096
6,18,6.249994e-02,1.047042e+00,4.628037,4096
8,18,6.249996e-02,1.047044e+00,4.772024,4096
12,1,6.249998e-02,1.047047e+00,6.964960,4096
16,1,6.249998e-02,1.047047e+00,5.606522,4096
18,1,6.249998e-02,1.047047e+00,5.087793,4096
1,1,6.249998e-02,1.047047e+00,68.530674,4096
2,1,6.249998e-02,1.047047e+00,35.095026,4096
36,1,6.249998e-02,1.047047e+00,7.362070,4096
3,1,6.249998e-02,1.047047e+00,22.897370,4096
4,1,6.249998e-02,1.047047e+00,17.249177,4096
6,1,6.249998e-02,1.047047e+00,12.648723,4096
8,1,6.249998e-02,1.047047e+00,9.607470,4096
12,2,6.249998e-02,1.047047e+00,5.312300,4096
16,2,6.249998e-02,1.047047e+00,5.007946,4096
18,2,6.249998e-02,1.047047e+00,4.794286,4096
1,2,6.249998e-02,1.047047e+00,35.022665,4096
2,2,6.249998e-02,1.047047e+00,19.219038,4096
36,2,6.249978e-02,1.047047e+00,7.243025,4096
3,2,6.249998e-02,1.047047e+00,12.886952,4096
4,2,6.249998e-02,1.047046e+00,9.778357,4096
6,2,6.249998e-02,1.047047e+00,7.062396,4096
8,2,6.249998e-02,1.047047e+00,5.674458,4096
12,36,6.249991e-02,1.047046e+00,4.701528,4096
16,36,6.249991e-02,1.047047e+00,4.805668,4096
18,36,6.249997e-02,1.047047e+00,4.722396,4096
1,36,6.249995e-02,1.047044e+00,10.443867,4096
2,36,6.249995e-02,1.047044e+00,9.467338,4096
36,36,6.249998e-02,1.047047e+00,8.144481,4096
3,36,6.249956e-02,1.047047e+00,6.321197,4096
4,36,6.249997e-02,1.047047e+00,4.773449,4096
6,36,6.249998e-02,1.047047e+00,4.820536,4096
8,36,6.249995e-02,1.047044e+00,4.709965,4096
12,3,6.249998e-02,1.047047e+00,4.927817,4096
16,3,6.249998e-02,1.047047e+00,4.785874,4096
18,3,6.249998e-02,1.047047e+00,4.742400,4096
1,3,6.249998e-02,1.047047e+00,25.322232,4096
2,3,6.249996e-02,1.047046e+00,14.131327,4096
36,3,6.249996e-02,1.047047e+00,7.520317,4096
3,3,6.249998e-02,1.047047e+00,9.272131,4096
4,3,6.249998e-02,1.047046e+00,7.064975,4096
6,3,6.249995e-02,1.047046e+00,5.125036,4096
8,3,6.249996e-02,1.047046e+00,5.156322,4096
12,4,6.249998e-02,1.047046e+00,4.837195,4096
16,4,6.249995e-02,1.047047e+00,4.730230,4096
18,4,6.249997e-02,1.047047e+00,4.702668,4096
1,4,6.249998e-02,1.047046e+00,19.931946,4096
2,4,6.249997e-02,1.047046e+00,11.600928,4096
36,4,6.249998e-02,1.047047e+00,7.615341,4096
3,4,6.249998e-02,1.047047e+00,7.697744,4096
4,4,6.249998e-02,1.047047e+00,5.783633,4096
6,4,6.249998e-02,1.047044e+00,5.268713,4096
8,4,6.249996e-02,1.047046e+00,4.952309,4096
12,6,6.249998e-02,1.047047e+00,4.765000,4096
16,6,6.249998e-02,1.047047e+00,4.785257,4096
18,6,6.249997e-02,1.047047e+00,4.803351,4096
1,6,6.249998e-02,1.047047e+00,14.779874,4096
2,6,6.249996e-02,1.047046e+00,10.187766,4096
36,6,6.249998e-02,1.047047e+00,7.345381,4096
3,6,6.249998e-02,1.047047e+00,7.161868,4096
4,6,6.249993e-02,1.047047e+00,5.469013,4096
6,6,6.249998e-02,1.047046e+00,4.865468,4096
8,6,6.249995e-02,1.047044e+00,4.778689,4096
12,8,6.249998e-02,1.047046e+00,4.776592,4096
16,8,6.249998e-02,1.047047e+00,4.885314,4096
18,8,6.249998e-02,1.047047e+00,4.886949,4096
1,8,6.249967e-02,1.047046e+00,12.293731,4096
2,8,6.249998e-02,1.047046e+00,9.895726,4096
36,8,6.249998e-02,1.047047e+00,7.784832,4096
3,8,6.249994e-02,1.047047e+00,6.771827,4096
4,8,6.249998e-02,1.047047e+00,5.080688,4096
6,8,6.249996e-02,1.047044e+00,4.804660,4096
8,8,6.249995e-02,1.047046e+00,4.781255,4096
12,12,6.249697e-02,1.046871e+00,0.104925,512
16,12,6.249888e-02,1.046871e+00,0.109394,512
18,12,6.249888e-02,1.046854e+00,0.347438,512
1,12,6.249888e-02,1.046871e+00,0.214889,512
2,12,6.249849e-02,1.046853e+00,0.197393,512
36,12,6.249888e-02,1.046871e+00,1.801935,512
3,12,6.249888e-02,1.046675e+00,0.139442,512
4,12,6.249735e-02,1.046795e+00,0.124047,512
6,12,6.249582e-02,1.046778e+00,0.116906,512
8,12,6.249849e-02,1.046851e+00,0.097939,512
12,16,6.249888e-02,1.046871e+00,0.150830,512
16,16,6.249888e-02,1.046871e+00,0.116631,512
18,16,6.249888e-02,1.046871e+00,0.343350,512
1,16,6.249735e-02,1.046430e+00,0.205761,512
2,16,6.248820e-02,1.046871e+00,0.173634,512
36,16,6.249888e-02,1.046871e+00,2.227035,512
3,16,6.249888e-02,1.046834e+00,0.150750,512
4,16,6.249353e-02,1.046715e+00,0.109532,512
6,16,6.249888e-02,1.046871e+00,0.108213,512
8,16,6.249811e-02,1.046871e+00,0.103712,512
12,18,6.249888e-02,1.046853e+00,0.105632,512
16,18,6.249888e-02,1.046871e+00,0.134628,512
18,18,6.249888e-02,1.046854e+00,0.277496,512
1,18,6.249849e-02,1.046871e+00,0.183986,512
2,18,6.248820e-02,1.046795e+00,0.190857,512
36,18,6.249888e-02,1.046871e+00,2.779181,512
3,18,6.249240e-02,1.046834e+00,0.180270,512
4,18,6.249811e-02,1.046378e+00,0.118794,512
6,18,6.245120e-02,1.046378e+00,0.113819,512
8,18,6.249888e-02,1.046871e+00,0.104351,512
12,1,6.249888e-02,1.046871e+00,0.131005,512
16,1,6.249888e-02,1.046871e+00,0.102182,512
18,1,6.249888e-02,1.046871e+00,0.093080,512
1,1,6.249888e-02,1.046871e+00,0.890890,512
2,1,6.249888e-02,1.046871e+00,0.465788,512
36,1,6.249888e-02,1.046871e+00,0.600999,512
3,1,6.249888e-02,1.046871e+00,0.328214,512
4,1,6.249888e-02,1.046871e+00,0.251416,512
6,1,6.249888e-02,1.046871e+00,0.181235,512
8,1,6.249888e-02,1.046871e+00,0.152240,512
12,2,6.249888e-02,1.046854e+00,0.119229,512
16,2,6.249888e-02,1.046854e+00,0.227986,512
18,2,6.249888e-02,1.046851e+00,0.143480,512
1,2,6.249849e-02,1.046854e+00,0.486581,512
2,2,6.249888e-02,1.046854e+00,0.287641,512
36,2,6.249888e-02,1.046871e+00,0.706029,512
3,2,6.249888e-02,1.046854e+00,0.220713,512
4,2,6.249849e-02,1.046871e+00,0.168539,512
6,2,6.249888e-02,1.046836e+00,0.130923,512
8,2,6.249888e-02,1.046871e+00,0.176165,512
12,36,6.249735e-02,1.046795e+00,0.111552,512
16,36,6.249849e-02,1.046871e+00,0.182017,512
18,36,6.249888e-02,1.046871e+00,0.260234,512
1,36,6.249849e-02,1.046795e+00,0.180679,512
2,36,6.249354e-02,1.046871e+00,0.198692,512
36,36,6.249849e-02,1.046871e+00,0.682093,512
3,36,6.249888e-02,1.046853e+00,0.175674,512
4,36,6.249162e-02,1.046871e+00,0.119716,512
6,36,6.249735e-02,1.046871e+00,0.225475,512
8,36,6.249888e-02,1.046871e+00,0.119408,512
12,3,6.249849e-02,1.046871e+00,0.125318,512
16,3,6.249888e-02,1.046871e+00,0.158775,512
18,3,6.249888e-02,1.046871e+00,0.320232,512
1,3,6.249888e-02,1.046854e+00,0.357574,512
2,3,6.249888e-02,1.046795e+00,0.216692,512
36,3,6.249888e-02,1.046871e+00,0.770060,512
3,3,6.249849e-02,1.046871e+00,0.160912,512
4,3,6.249849e-02,1.046871e+00,0.131122,512
6,3,6.249888e-02,1.046854e+00,0.121951,512
8,3,6.249849e-02,1.046854e+00,0.159074,512
12,4,6.249888e-02,1.046854e+00,0.151885,512
16,4,6.249888e-02,1.046871e+00,0.200781,512
18,4,6.249888e-02,1.046871e+00,0.231129,512
1,4,6.249849e-02,1.046836e+00,0.284529,512
2,4,6.249735e-02,1.046851e+00,0.182554,512
36,4,6.249888e-02,1.046853e+00,0.876905,512
3,4,6.249888e-02,1.046853e+00,0.132490,512
4,4,6.249849e-02,1.046871e+00,0.105599,512
6,4,6.249849e-02,1.046871e+00,0.124465,512
8,4,6.249849e-02,1.046854e+00,0.132682,512
12,6,6.249697e-02,1.046853e+00,0.226699,512
16,6,6.249849e-02,1.046851e+00,0.280847,512
18,6,6.249888e-02,1.046871e+00,0.322633,512
1,6,6.249735e-02,1.046430e+00,0.225958,512
2,6,6.249888e-02,1.046871e+00,0.214392,512
36,6,6.249888e-02,1.046871e+00,1.127691,512
3,6,6.249697e-02,1.046681e+00,0.167572,512
4,6,6.249849e-02,1.046853e+00,0.135955,512
6,6,6.249162e-02,1.046717e+00,0.144146,512
8,6,6.249888e-02,1.046871e+00,0.168615,512
12,8,6.249888e-02,1.046871e+00,0.291256,512
16,8,6.249888e-02,1.046871e+00,0.361657,512
18,8,6.249888e-02,1.046871e+00,0.395981,512
1,8,6.249849e-02,1.046666e+00,0.189669,512
2,8,6.249162e-02,1.046871e+00,0.215246,512
36,8,6.249888e-02,1.046853e+00,1.298415,512
3,8,6.249849e-02,1.046717e+00,0.185106,512
4,8,6.249811e-02,1.046871e+00,0.159461,512
6,8,6.249735e-02,1.046871e+00,0.169707,512
8,8,6.249735e-02,1.046795e+00,0.204316,512
12,12,6.240352e-02,1.044056e+00,0.079558,64
16,12,6.242807e-02,1.045246e+00,0.108255,64
18,12,6.242807e-02,1.045246e+00,0.118740,64
1,12,6.242807e-02,1.045246e+00,0.006380,64
2,12,6.225682e-02,1.043939e+00,0.004618,64
36,12,6.242807e-02,1.045246e+00,1.727928,64
3,12,6.233067e-02,1.044056e+00,0.003449,64
4,12,6.237899e-02,1.045246e+00,0.003334,64
6,12,6.240352e-02,1.045246e+00,0.003998,64
8,12,6.242807e-02,1.044056e+00,0.040381,64
12,16,6.240352e-02,1.045246e+00,0.042584,64
16,16,6.240352e-02,1.044056e+00,0.139842,64
18,16,6.242807e-02,1.044056e+00,0.174959,64
1,16,6.240352e-02,1.044056e+00,0.005165,64
2,16,6.240352e-02,1.044056e+00,0.005253,64
36,16,6.242807e-02,1.045246e+00,2.170205,64
3,16,6.240352e-02,1.037580e+00,0.004251,64
4,16,6.240352e-02,1.043939e+00,0.003230,64
6,16,6.242807e-02,1.044056e+00,0.003516,64
8,16,6.242807e-02,1.045246e+00,0.016072,64
12,18,6.242807e-02,1.044056e+00,0.047758,64
16,18,6.242807e-02,1.044056e+00,0.072253,64
18,18,6.242807e-02,1.045246e+00,0.139609,64
1,18,6.237899e-02,1.043939e+00,0.005090,64
2,18,6.240352e-02,1.044056e+00,0.006043,64
36,18,6.242807e-02,1.045246e+00,2.498990,64
3,18,6.233067e-02,1.045246e+00,0.003809,64
4,18,6.233067e-02,1.044056e+00,0.003293,64
6,18,6.230618e-02,1.041250e+00,0.003826,64
8,18,6.242807e-02,1.045246e+00,0.054729,64
12,1,6.242807e-02,1.045246e+00,0.002341,64
16,1,6.242807e-02,1.045246e+00,0.002078,64
18,1,6.242807e-02,1.045246e+00,0.002038,64
1,1,6.242807e-02,1.045246e+00,0.017632,64
2,1,6.242807e-02,1.045246e+00,0.011149,64
36,1,6.242807e-02,1.045246e+00,0.503016,64
3,1,6.242807e-02,1.045246e+00,0.007568,64
4,1,6.242807e-02,1.045246e+00,0.005580,64
6,1,6.242807e-02,1.045246e+00,0.003785,64
8,1,6.242807e-02,1.045246e+00,0.002752,64
12,2,6.242807e-02,1.045246e+00,0.015742,64
16,2,6.242807e-02,1.045246e+00,0.037698,64
18,2,6.240352e-02,1.045246e+00,0.069469,64
1,2,6.242807e-02,1.045246e+00,0.012497,64
2,2,6.240352e-02,1.044056e+00,0.005914,64
36,2,6.240352e-02,1.044056e+00,0.600014,64
3,2,6.242807e-02,1.045246e+00,0.005199,64
4,2,6.240352e-02,1.045246e+00,0.004274,64
6,2,6.237899e-02,1.045246e+00,0.005405,64
8,2,6.240352e-02,1.043939e+00,0.006163,64
12,36,6.240352e-02,1.045246e+00,0.061676,64
16,36,6.242807e-02,1.045246e+00,0.112497,64
18,36,6.242807e-02,1.045246e+00,0.147690,64
1,36,6.237899e-02,1.037334e+00,0.006161,64
2,36,6.242807e-02,1.045246e+00,0.005998,64
36,36,6.242807e-02,1.045246e+00,0.634275,64
3,36,6.233067e-02,1.044056e+00,0.005296,64
4,36,6.242807e-02,1.044056e+00,0.015864,64
6,36,6.242807e-02,1.034202e+00,0.030268,64
8,36,6.233067e-02,1.045246e+00,0.012959,64
12,3,6.242807e-02,1.044056e+00,0.042259,64
16,3,6.242807e-02,1.045246e+00,0.081152,64
18,3,6.240352e-02,1.045246e+00,0.121911,64
1,3,6.242807e-02,1.043939e+00,0.010036,64
2,3,6.240352e-02,1.042433e+00,0.005468,64
36,3,6.242807e-02,1.045246e+00,0.679420,64
3,3,6.242807e-02,1.045246e+00,0.003556,64
4,3,6.242807e-02,1.044056e+00,0.006892,64
6,3,6.237899e-02,1.042433e+00,0.006030,64
8,3,6.240352e-02,1.044056e+00,0.019124,64
12,4,6.242807e-02,1.045246e+00,0.080889,64
16,4,6.242807e-02,1.045246e+00,0.133311,64
18,4,6.242807e-02,1.045246e+00,0.172083,64
1,4,6.240352e-02,1.045246e+00,0.007519,64
2,4,6.242807e-02,1.041250e+00,0.005549,64
36,4,6.242807e-02,1.045246e+00,0.830114,64
3,4,6.242807e-02,1.045246e+00,0.003064,64
4,4,6.240352e-02,1.043939e+00,0.005691,64
6,4,6.242807e-02,1.043939e+00,0.013853,64
8,4,6.242807e-02,1.042433e+00,0.045105,64
12,6,6.242807e-02,1.045246e+00,0.160258,64
16,6,6.242807e-02,1.045246e+00,0.225621,64
18,6,6.242807e-02,1.045246e+00,0.255279,64
1,6,6.233067e-02,1.043939e+00,0.005466,64
2,6,6.230618e-02,1.044056e+00,0.015054,64
36,6,6.242807e-02,1.045246e+00,1.027080,64
3,6,6.240352e-02,1.042433e+00,0.020020,64
4,6,6.240352e-02,1.043939e+00,0.039216,64
6,6,6.242807e-02,1.045246e+00,0.063988,64
8,6,6.242807e-02,1.045246e+00,0.099532,64
12,8,6.242807e-02,1.045246e+00,0.218434,64
16,8,6.242807e-02,1.045246e+00,0.304277,64
18,8,6.242807e-02,1.045246e+00,0.412189,64
1,8,6.240352e-02,1.041250e+00,0.004654,64
2,8,6.242807e-02,1.044056e+00,0.043641,64
36,8,6.242807e-02,1.045246e+00,1.266208,64
3,8,6.230618e-02,1.042433e+00,0.033516,64
4,8,6.174668e-02,1.040371e+00,0.051757,64
6,8,6.242807e-02,1.044056e+00,0.093785,64
8,8,6.242807e-02,1.045246e+00,0.148058,64
12,12,6.249999e-02,1.047058e+00,19.187591,8192
16,12,6.249999e-02,1.047059e+00,19.335963,8192
18,12,6.249999e-02,1.047059e+00,19.225998,8192
1,12,6.249999e-02,1.047058e+00,44.418695,8192
2,12,6.249998e-02,1.047058e+00,39.936340,8192
36,12,6.249999e-02,1.047059e+00,24.912334,8192
3,12,6.249999e-02,1.047056e+00,26.803312,8192
4,12,6.249999e-02,1.047059e+00,20.070611,8192
6,12,6.249999e-02,1.047059e+00,19.493268,8192
8,12,6.249999e-02,1.047059e+00,19.205023,8192
12,16,6.249999e-02,1.047058e+00,19.169286,8192
16,16,6.250000e-02,1.047058e+00,19.263133,8192
18,16,6.249999e-02,1.047059e+00,19.254061,8192
1,16,6.249993e-02,1.047058e+00,43.744567,8192
2,16,6.249999e-02,1.047059e+00,39.897733,8192
36,16,6.250000e-02,1.047059e+00,25.261173,8192
3,16,6.249999e-02,1.047059e+00,26.527016,8192
4,16,6.249995e-02,1.047059e+00,19.907741,8192
6,16,6.249999e-02,1.047059e+00,19.446392,8192
8,16,6.249999e-02,1.047058e+00,19.174744,8192
12,18,6.249999e-02,1.047058e+00,19.143862,8192
16,18,6.250000e-02,1.047058e+00,19.333315,8192
18,18,6.249999e-02,1.047059e+00,19.271174,8192
1,18,6.249992e-02,1.047058e+00,43.415400,8192
2,18,6.249999e-02,1.047059e+00,39.869642,8192
36,18,6.250000e-02,1.047059e+00,25.242934,8192
3,18,6.249999e-02,1.047059e+00,26.409240,8192
4,18,6.249999e-02,1.047058e+00,19.872461,8192
6,18,6.249998e-02,1.047058e+00,19.422240,8192
8,18,6.250000e-02,1.047059e+00,19.232096,8192
12,1,6.250000e-02,1.047059e+00,29.040780,8192
16,1,6.250000e-02,1.047059e+00,23.629670,8192
18,1,6.250000e-02,1.047059e+00,21.155758,8192
1,1,6.250000e-02,1.047059e+00,289.897328,8192
2,1,6.250000e-02,1.047059e+00,149.545001,8192
36,1,6.250000e-02,1.047059e+00,25.180011,8192
3,1,6.250000e-02,1.047059e+00,97.087869,8192
4,1,6.250000e-02,1.047059e+00,73.370318,8192
6,1,6.250000e-02,1.047059e+00,52.139291,8192
8,1,6.250000e-02,1.047059e+00,40.533706,8192
12,2,6.249999e-02,1.047059e+00,20.419235,8192
16,2,6.249999e-02,1.047059e+00,19.779806,8192
18,2,6.250000e-02,1.047059e+00,19.650057,8192
1,2,6.249999e-02,1.047059e+00,151.115471,8192
2,2,6.249999e-02,1.047059e+00,81.355977,8192
36,2,6.250000e-02,1.047059e+00,24.058560,8192
3,2,6.250000e-02,1.047059e+00,54.316797,8192
4,2,6.250000e-02,1.047059e+00,40.880185,8192
6,2,6.249999e-02,1.047059e+00,29.264825,8192
8,2,6.249999e-02,1.047059e+00,24.378565,8192
12,36,6.249999e-02,1.047059e+00,19.314916,8192
16,36,6.250000e-02,1.047058e+00,19.364717,8192
18,36,6.249997e-02,1.047058e+00,19.631756,8192
1,36,6.249999e-02,1.047059e+00,42.348075,8192
2,36,6.249999e-02,1.047058e+00,39.878853,8192
36,36,6.250000e-02,1.047059e+00,24.136180,8192
3,36,6.249994e-02,1.047058e+00,26.180683,8192
4,36,6.249997e-02,1.047059e+00,19.902198,8192
6,36,6.249999e-02,1.047059e+00,19.456486,8192
8,36,6.250000e-02,1.047059e+00,19.412120,8192
12,3,6.250000e-02,1.047059e+00,19.556473,8192
16,3,6.250000e-02,1.047058e+00,19.547897,8192
18,3,6.250000e-02,1.047059e+00,19.590115,8192
1,3,6.250000e-02,1.047059e+00,106.543521,8192
2,3,6.250000e-02,1.047058e+00,59.314661,8192
36,3,6.250000e-02,1.047059e+00,23.649132,8192
3,3,6.249999e-02,1.047059e+00,39.195256,8192
4,3,6.250000e-02,1.047059e+00,30.011042,8192
6,3,6.249999e-02,1.047059e+00,21.269714,8192
8,3,6.249999e-02,1.047059e+00,20.391669,8192
12,4,6.250000e-02,1.047059e+00,19.563186,8192
16,4,6.249999e-02,1.047059e+00,19.329757,8192
18,4,6.249999e-02,1.047059e+00,19.336802,8192
1,4,6.249999e-02,1.047059e+00,83.955201,8192
2,4,6.250000e-02,1.047059e+00,48.660087,8192
36,4,6.250000e-02,1.047059e+00,24.573395,8192
3,4,6.250000e-02,1.047059e+00,32.295208,8192
4,4,6.249999e-02,1.047059e+00,24.142087,8192
6,4,6.249999e-02,1.047059e+00,20.928542,8192
8,4,6.249999e-02,1.047059e+00,20.050121,8192
12,6,6.249999e-02,1.047058e+00,19.383068,8192
16,6,6.249998e-02,1.047059e+00,19.210629,8192
18,6,6.249999e-02,1.047059e+00,19.282439,8192
1,6,6.249999e-02,1.047059e+00,61.767709,8192
2,6,6.249999e-02,1.047059e+00,41.576619,8192
36,6,6.249999e-02,1.047059e+00,24.377096,8192
3,6,6.249999e-02,1.047059e+00,27.473379,8192
4,6,6.249999e-02,1.047059e+00,20.814580,8192
6,6,6.249999e-02,1.047059e+00,19.767262,8192
8,6,6.249999e-02,1.047059e+00,19.613920,8192
12,8,6.250000e-02,1.047059e+00,19.262679,8192
16,8,6.249999e-02,1.047059e+00,19.472673,8192
18,8,6.250000e-02,1.047059e+00,19.587095,8192
1,8,6.250000e-02,1.047059e+00,51.439062,8192
2,8,6.249995e-02,1.047059e+00,40.678068,8192
36,8,6.249999e-02,1.047059e+00,24.479287,8192
3,8,6.250000e-02,1.047059e+00,26.836804,8192
4,8,6.249999e-02,1.047059e+00,20.668292,8192
6,8,6.249996e-02,1.047058e+00,19.764481,8192
8,8,6.250000e-02,1.047059e+00,19.612205,8192
